0.2	0.001	CalPred	0	90.16064257028113	50000
0.2	0.001	PredInterval	0	88.75502008032129	50000
0.2	0.001	CalPred	0	95.49019607843138	5000
0.2	0.001	PredInterval	0	88.0392156862745	5000
0.2	0.001	CalPred	1	90.6054279749478	50000
0.2	0.001	PredInterval	1	77.66179540709813	50000
0.2	0.001	CalPred	1	97.48953974895397	5000
0.2	0.001	PredInterval	1	86.19246861924687	5000
0.2	0.001	CalPred	2	87.25490196078431	50000
0.2	0.001	PredInterval	2	99.80392156862746	50000
0.2	0.001	CalPred	2	85.89211618257261	5000
0.2	0.001	PredInterval	2	100.0	5000
0.2	0.001	CalPred	3	91.03313840155946	50000
0.2	0.001	PredInterval	3	95.51656920077973	50000
0.2	0.001	CalPred	3	94.50980392156862	5000
0.2	0.001	PredInterval	3	83.92156862745098	5000
0.2	0.001	CalPred	4	89.17910447761194	50000
0.2	0.001	PredInterval	4	90.11194029850746	50000
0.2	0.001	CalPred	4	96.8342644320298	5000
0.2	0.001	PredInterval	4	96.46182495344506	5000
0.2	0.001	CalPred	5	88.97795591182364	50000
0.2	0.001	PredInterval	5	76.75350701402806	50000
0.2	0.001	CalPred	5	93.33333333333333	5000
0.2	0.001	PredInterval	5	96.29629629629629	5000
0.2	0.001	CalPred	6	89.38775510204081	50000
0.2	0.001	PredInterval	6	88.16326530612245	50000
0.2	0.001	CalPred	6	94.95495495495496	5000
0.2	0.001	PredInterval	6	92.97297297297298	5000
0.2	0.001	CalPred	7	90.2834008097166	50000
0.2	0.001	PredInterval	7	88.25910931174089	50000
0.2	0.001	CalPred	7	96.22266401590457	5000
0.2	0.001	PredInterval	7	98.80715705765407	5000
0.2	0.001	CalPred	8	88.38951310861424	50000
0.2	0.001	PredInterval	8	84.6441947565543	50000
0.2	0.001	CalPred	8	90.0990099009901	5000
0.2	0.001	PredInterval	8	93.23432343234323	5000
0.2	0.001	CalPred	9	91.04166666666667	50000
0.2	0.001	PredInterval	9	96.66666666666667	50000
0.2	0.001	CalPred	9	95.96602972399151	5000
0.2	0.001	PredInterval	9	97.0276008492569	5000
0.2	0.001	CalPred	10	91.26637554585153	50000
0.2	0.001	PredInterval	10	83.62445414847161	50000
0.2	0.001	CalPred	10	98.74213836477988	5000
0.2	0.001	PredInterval	10	86.79245283018868	5000
0.2	0.001	CalPred	11	94.05940594059405	50000
0.2	0.001	PredInterval	11	97.22772277227722	50000
0.2	0.001	CalPred	11	98.23788546255507	5000
0.2	0.001	PredInterval	11	97.79735682819384	5000
0.2	0.001	CalPred	12	88.88888888888889	50000
0.2	0.001	PredInterval	12	98.58585858585859	50000
0.2	0.001	CalPred	12	95.40229885057471	5000
0.2	0.001	PredInterval	12	93.67816091954023	5000
0.2	0.001	CalPred	13	93.31848552338529	50000
0.2	0.001	PredInterval	13	84.63251670378618	50000
0.2	0.001	CalPred	13	94.15730337078652	5000
0.2	0.001	PredInterval	13	99.5505617977528	5000
0.2	0.001	CalPred	14	87.57281553398059	50000
0.2	0.001	PredInterval	14	98.64077669902913	50000
0.2	0.001	CalPred	14	94.00826446280992	5000
0.2	0.001	PredInterval	14	100.0	5000
0.2	0.001	CalPred	15	89.82300884955751	50000
0.2	0.001	PredInterval	15	80.30973451327434	50000
0.2	0.001	CalPred	15	91.91176470588235	5000
0.2	0.001	PredInterval	15	95.83333333333334	5000
0.2	0.001	CalPred	16	89.15187376725838	50000
0.2	0.001	PredInterval	16	91.51873767258382	50000
0.2	0.001	CalPred	16	97.90476190476191	5000
0.2	0.001	PredInterval	16	95.04761904761905	5000
0.2	0.001	CalPred	17	92.32365145228216	50000
0.2	0.001	PredInterval	17	83.19502074688798	50000
0.2	0.001	CalPred	17	99.41520467836257	5000
0.2	0.001	PredInterval	17	90.44834307992203	5000
0.2	0.001	CalPred	18	89.96212121212122	50000
0.2	0.001	PredInterval	18	78.21969696969697	50000
0.2	0.001	CalPred	18	94.01088929219601	5000
0.2	0.001	PredInterval	18	84.0290381125227	5000
0.2	0.001	CalPred	19	92.52136752136752	50000
0.2	0.001	PredInterval	19	87.3931623931624	50000
0.2	0.001	CalPred	19	98.30508474576271	5000
0.2	0.001	PredInterval	19	83.7772397094431	5000
0.2	0.001	CalPred	20	90.87048832271762	50000
0.2	0.001	PredInterval	20	97.66454352441613	50000
0.2	0.001	CalPred	20	99.0	5000
0.2	0.001	PredInterval	20	98.6	5000
0.2	0.001	CalPred	21	90.55441478439425	50000
0.2	0.001	PredInterval	21	87.06365503080082	50000
0.2	0.001	CalPred	21	94.97991967871486	5000
0.2	0.001	PredInterval	21	100.0	5000
0.2	0.001	CalPred	22	91.51138716356108	50000
0.2	0.001	PredInterval	22	94.824016563147	50000
0.2	0.001	CalPred	22	91.50743099787687	5000
0.2	0.001	PredInterval	22	81.52866242038218	5000
0.2	0.001	CalPred	23	88.84540117416829	50000
0.2	0.001	PredInterval	23	89.23679060665361	50000
0.2	0.001	CalPred	23	94.46564885496184	5000
0.2	0.001	PredInterval	23	99.23664122137404	5000
0.2	0.001	CalPred	24	88.77551020408163	50000
0.2	0.001	PredInterval	24	89.79591836734694	50000
0.2	0.001	CalPred	24	96.40718562874252	5000
0.2	0.001	PredInterval	24	99.8003992015968	5000
0.2	0.001	CalPred	25	89.86083499005964	50000
0.2	0.001	PredInterval	25	91.84890656063618	50000
0.2	0.001	CalPred	25	99.61013645224172	5000
0.2	0.001	PredInterval	25	92.78752436647173	5000
0.2	0.001	CalPred	26	93.00225733634312	50000
0.2	0.001	PredInterval	26	93.22799097065463	50000
0.2	0.001	CalPred	26	94.01709401709401	5000
0.2	0.001	PredInterval	26	96.58119658119658	5000
0.2	0.001	CalPred	27	91.86507936507937	50000
0.2	0.001	PredInterval	27	79.36507936507937	50000
0.2	0.001	CalPred	27	95.94320486815415	5000
0.2	0.001	PredInterval	27	81.7444219066937	5000
0.2	0.001	CalPred	28	91.13680154142581	50000
0.2	0.001	PredInterval	28	96.33911368015414	50000
0.2	0.001	CalPred	28	98.27586206896551	5000
0.2	0.001	PredInterval	28	88.79310344827587	5000
0.2	0.001	CalPred	29	88.75255623721881	50000
0.2	0.001	PredInterval	29	91.00204498977506	50000
0.2	0.001	CalPred	29	89.71428571428571	5000
0.2	0.001	PredInterval	29	99.61904761904762	5000
0.2	0.01	CalPred	0	90.77568134171908	50000
0.2	0.01	PredInterval	0	98.32285115303984	50000
0.2	0.01	CalPred	0	97.51131221719457	5000
0.2	0.01	PredInterval	0	93.66515837104072	5000
0.2	0.01	CalPred	1	88.7063655030801	50000
0.2	0.01	PredInterval	1	85.21560574948666	50000
0.2	0.01	CalPred	1	98.77800407331976	5000
0.2	0.01	PredInterval	1	87.9837067209776	5000
0.2	0.01	CalPred	2	90.71566731141199	50000
0.2	0.01	PredInterval	2	98.45261121856866	50000
0.2	0.01	CalPred	2	93.29388560157791	5000
0.2	0.01	PredInterval	2	100.0	5000
0.2	0.01	CalPred	3	91.39579349904398	50000
0.2	0.01	PredInterval	3	86.61567877629062	50000
0.2	0.01	CalPred	3	96.88644688644689	5000
0.2	0.01	PredInterval	3	82.78388278388277	5000
0.2	0.01	CalPred	4	86.02794411177645	50000
0.2	0.01	PredInterval	4	73.85229540918164	50000
0.2	0.01	CalPred	4	98.49340866290018	5000
0.2	0.01	PredInterval	4	93.5969868173258	5000
0.2	0.01	CalPred	5	90.01956947162427	50000
0.2	0.01	PredInterval	5	85.90998043052838	50000
0.2	0.01	CalPred	5	96.30281690140845	5000
0.2	0.01	PredInterval	5	97.35915492957746	5000
0.2	0.01	CalPred	6	93.7625754527163	50000
0.2	0.01	PredInterval	6	98.99396378269618	50000
0.2	0.01	CalPred	6	99.07407407407408	5000
0.2	0.01	PredInterval	6	98.14814814814815	5000
0.2	0.01	CalPred	7	91.9925512104283	50000
0.2	0.01	PredInterval	7	99.06890130353817	50000
0.2	0.01	CalPred	7	99.22330097087378	5000
0.2	0.01	PredInterval	7	99.6116504854369	5000
0.2	0.01	CalPred	8	87.62088974854933	50000
0.2	0.01	PredInterval	8	83.752417794971	50000
0.2	0.01	CalPred	8	93.91771019677996	5000
0.2	0.01	PredInterval	8	97.13774597495528	5000
0.2	0.01	CalPred	9	90.48582995951418	50000
0.2	0.01	PredInterval	9	79.75708502024291	50000
0.2	0.01	CalPred	9	99.19678714859438	5000
0.2	0.01	PredInterval	9	89.95983935742971	5000
0.2	0.01	CalPred	10	92.91666666666667	50000
0.2	0.01	PredInterval	10	96.45833333333333	50000
0.2	0.01	CalPred	10	99.60629921259843	5000
0.2	0.01	PredInterval	10	94.48818897637796	5000
0.2	0.01	CalPred	11	94.29133858267717	50000
0.2	0.01	PredInterval	11	95.47244094488188	50000
0.2	0.01	CalPred	11	98.75	5000
0.2	0.01	PredInterval	11	93.75	5000
0.2	0.01	CalPred	12	92.22903885480572	50000
0.2	0.01	PredInterval	12	98.15950920245399	50000
0.2	0.01	CalPred	12	97.75051124744377	5000
0.2	0.01	PredInterval	12	96.52351738241309	5000
0.2	0.01	CalPred	13	94.57013574660633	50000
0.2	0.01	PredInterval	13	95.47511312217195	50000
0.2	0.01	CalPred	13	95.79646017699115	5000
0.2	0.01	PredInterval	13	99.5575221238938	5000
0.2	0.01	CalPred	14	91.63346613545816	50000
0.2	0.01	PredInterval	14	100.0	50000
0.2	0.01	CalPred	14	98.70967741935483	5000
0.2	0.01	PredInterval	14	100.0	5000
0.2	0.01	CalPred	15	93.30453563714903	50000
0.2	0.01	PredInterval	15	87.90496760259178	50000
0.2	0.01	CalPred	15	96.01873536299766	5000
0.2	0.01	PredInterval	15	96.4871194379391	5000
0.2	0.01	CalPred	16	89.51612903225806	50000
0.2	0.01	PredInterval	16	90.7258064516129	50000
0.2	0.01	CalPred	16	99.01768172888016	5000
0.2	0.01	PredInterval	16	91.55206286836936	5000
0.2	0.01	CalPred	17	94.04255319148936	50000
0.2	0.01	PredInterval	17	85.95744680851064	50000
0.2	0.01	CalPred	17	99.38650306748467	5000
0.2	0.01	PredInterval	17	91.8200408997955	5000
0.2	0.01	CalPred	18	92.02898550724638	50000
0.2	0.01	PredInterval	18	89.85507246376811	50000
0.2	0.01	CalPred	18	97.07792207792207	5000
0.2	0.01	PredInterval	18	82.46753246753246	5000
0.2	0.01	CalPred	19	91.61904761904762	50000
0.2	0.01	PredInterval	19	99.61904761904762	50000
0.2	0.01	CalPred	19	99.78947368421053	5000
0.2	0.01	PredInterval	19	94.3157894736842	5000
0.2	0.01	CalPred	20	89.0625	50000
0.2	0.01	PredInterval	20	91.796875	50000
0.2	0.01	CalPred	20	98.24902723735408	5000
0.2	0.01	PredInterval	20	93.96887159533074	5000
0.2	0.01	CalPred	21	91.3894324853229	50000
0.2	0.01	PredInterval	21	96.28180039138942	50000
0.2	0.01	CalPred	21	98.25918762088975	5000
0.2	0.01	PredInterval	21	100.0	5000
0.2	0.01	CalPred	22	89.23395445134575	50000
0.2	0.01	PredInterval	22	80.33126293995859	50000
0.2	0.01	CalPred	22	92.94871794871796	5000
0.2	0.01	PredInterval	22	80.98290598290599	5000
0.2	0.01	CalPred	23	88.54961832061069	50000
0.2	0.01	PredInterval	23	99.61832061068702	50000
0.2	0.01	CalPred	23	95.22058823529412	5000
0.2	0.01	PredInterval	23	99.81617647058823	5000
0.2	0.01	CalPred	24	92.40986717267552	50000
0.2	0.01	PredInterval	24	97.34345351043643	50000
0.2	0.01	CalPred	24	99.07407407407408	5000
0.2	0.01	PredInterval	24	100.0	5000
0.2	0.01	CalPred	25	91.56118143459916	50000
0.2	0.01	PredInterval	25	87.34177215189874	50000
0.2	0.01	CalPred	25	100.0	5000
0.2	0.01	PredInterval	25	89.38428874734608	5000
0.2	0.01	CalPred	26	93.60341151385929	50000
0.2	0.01	PredInterval	26	93.39019189765459	50000
0.2	0.01	CalPred	26	95.98393574297188	5000
0.2	0.01	PredInterval	26	97.18875502008032	5000
0.2	0.01	CalPred	27	88.84540117416829	50000
0.2	0.01	PredInterval	27	81.99608610567515	50000
0.2	0.01	CalPred	27	98.26254826254826	5000
0.2	0.01	PredInterval	27	82.81853281853282	5000
0.2	0.01	CalPred	28	94.5631067961165	50000
0.2	0.01	PredInterval	28	99.22330097087378	50000
0.2	0.01	CalPred	28	99.18166939443536	5000
0.2	0.01	PredInterval	28	85.43371522094927	5000
0.2	0.01	CalPred	29	88.84615384615384	50000
0.2	0.01	PredInterval	29	93.84615384615384	50000
0.2	0.01	CalPred	29	88.84688090737241	5000
0.2	0.01	PredInterval	29	98.67674858223062	5000
0.2	0.1	CalPred	0	92.4901185770751	50000
0.2	0.1	PredInterval	0	99.2094861660079	50000
0.2	0.1	CalPred	0	93.95833333333333	5000
0.2	0.1	PredInterval	0	90.83333333333333	5000
0.2	0.1	CalPred	1	90.77568134171908	50000
0.2	0.1	PredInterval	1	96.43605870020964	50000
0.2	0.1	CalPred	1	97.61904761904762	5000
0.2	0.1	PredInterval	1	82.46753246753246	5000
0.2	0.1	CalPred	2	91.55206286836936	50000
0.2	0.1	PredInterval	2	92.92730844793712	50000
0.2	0.1	CalPred	2	94.36619718309859	5000
0.2	0.1	PredInterval	2	100.0	5000
0.2	0.1	CalPred	3	92.39543726235742	50000
0.2	0.1	PredInterval	3	100.0	50000
0.2	0.1	CalPred	3	97.86856127886323	5000
0.2	0.1	PredInterval	3	85.2575488454707	5000
0.2	0.1	CalPred	4	88.8030888030888	50000
0.2	0.1	PredInterval	4	87.06563706563706	50000
0.2	0.1	CalPred	4	98.1651376146789	5000
0.2	0.1	PredInterval	4	93.02752293577981	5000
0.2	0.1	CalPred	5	88.8671875	50000
0.2	0.1	PredInterval	5	75.1953125	50000
0.2	0.1	CalPred	5	98.93428063943162	5000
0.2	0.1	PredInterval	5	93.25044404973357	5000
0.2	0.1	CalPred	6	92.02453987730061	50000
0.2	0.1	PredInterval	6	81.59509202453987	50000
0.2	0.1	CalPred	6	98.86578449905483	5000
0.2	0.1	PredInterval	6	91.68241965973534	5000
0.2	0.1	CalPred	7	93.10344827586206	50000
0.2	0.1	PredInterval	7	95.59386973180077	50000
0.2	0.1	CalPred	7	99.61685823754789	5000
0.2	0.1	PredInterval	7	96.55172413793103	5000
0.2	0.1	CalPred	8	88.97795591182364	50000
0.2	0.1	PredInterval	8	100.0	50000
0.2	0.1	CalPred	8	97.69911504424779	5000
0.2	0.1	PredInterval	8	99.64601769911503	5000
0.2	0.1	CalPred	9	92.9718875502008	50000
0.2	0.1	PredInterval	9	98.19277108433735	50000
0.2	0.1	CalPred	9	98.00399201596807	5000
0.2	0.1	PredInterval	9	99.00199600798403	5000
0.2	0.1	CalPred	10	91.15789473684211	50000
0.2	0.1	PredInterval	10	97.89473684210527	50000
0.2	0.1	CalPred	10	99.59349593495935	5000
0.2	0.1	PredInterval	10	98.98373983739837	5000
0.2	0.1	CalPred	11	93.82239382239382	50000
0.2	0.1	PredInterval	11	86.87258687258688	50000
0.2	0.1	CalPred	11	98.13432835820896	5000
0.2	0.1	PredInterval	11	87.1268656716418	5000
0.2	0.1	CalPred	12	94.375	50000
0.2	0.1	PredInterval	12	99.58333333333333	50000
0.2	0.1	CalPred	12	99.13606911447084	5000
0.2	0.1	PredInterval	12	97.40820734341253	5000
0.2	0.1	CalPred	13	92.66055045871559	50000
0.2	0.1	PredInterval	13	93.80733944954129	50000
0.2	0.1	CalPred	13	92.88888888888889	5000
0.2	0.1	PredInterval	13	97.77777777777777	5000
0.2	0.1	CalPred	14	90.7070707070707	50000
0.2	0.1	PredInterval	14	93.93939393939394	50000
0.2	0.1	CalPred	14	97.73195876288659	5000
0.2	0.1	PredInterval	14	99.79381443298969	5000
0.2	0.1	CalPred	15	92.5601750547046	50000
0.2	0.1	PredInterval	15	93.43544857768052	50000
0.2	0.1	CalPred	15	97.75280898876404	5000
0.2	0.1	PredInterval	15	100.0	5000
0.2	0.1	CalPred	16	91.23173277661796	50000
0.2	0.1	PredInterval	16	82.25469728601253	50000
0.2	0.1	CalPred	16	98.67256637168141	5000
0.2	0.1	PredInterval	16	91.8141592920354	5000
0.2	0.1	CalPred	17	94.44444444444444	50000
0.2	0.1	PredInterval	17	92.18106995884774	50000
0.2	0.1	CalPred	17	99.16317991631799	5000
0.2	0.1	PredInterval	17	98.9539748953975	5000
0.2	0.1	CalPred	18	89.33333333333333	50000
0.2	0.1	PredInterval	18	97.14285714285714	50000
0.2	0.1	CalPred	18	98.26388888888889	5000
0.2	0.1	PredInterval	18	84.20138888888889	5000
0.2	0.1	CalPred	19	91.59663865546219	50000
0.2	0.1	PredInterval	19	90.54621848739495	50000
0.2	0.1	CalPred	19	98.58490566037736	5000
0.2	0.1	PredInterval	19	87.73584905660378	5000
0.2	0.1	CalPred	20	90.47619047619048	50000
0.2	0.1	PredInterval	20	82.68398268398268	50000
0.2	0.1	CalPred	20	98.22222222222223	5000
0.2	0.1	PredInterval	20	82.88888888888889	5000
0.2	0.1	CalPred	21	91.94214876033058	50000
0.2	0.1	PredInterval	21	89.87603305785123	50000
0.2	0.1	CalPred	21	96.23430962343096	5000
0.2	0.1	PredInterval	21	100.0	5000
0.2	0.1	CalPred	22	89.95726495726495	50000
0.2	0.1	PredInterval	22	86.96581196581197	50000
0.2	0.1	CalPred	22	95.61752988047809	5000
0.2	0.1	PredInterval	22	82.86852589641434	5000
0.2	0.1	CalPred	23	90.05524861878453	50000
0.2	0.1	PredInterval	23	98.71086556169429	50000
0.2	0.1	CalPred	23	92.8030303030303	5000
0.2	0.1	PredInterval	23	95.26515151515152	5000
0.2	0.1	CalPred	24	90.81632653061224	50000
0.2	0.1	PredInterval	24	99.79591836734694	50000
0.2	0.1	CalPred	24	99.23371647509579	5000
0.2	0.1	PredInterval	24	100.0	5000
0.2	0.1	CalPred	25	92.93361884368309	50000
0.2	0.1	PredInterval	25	100.0	50000
0.2	0.1	CalPred	25	100.0	5000
0.2	0.1	PredInterval	25	96.900826446281	5000
0.2	0.1	CalPred	26	93.91304347826087	50000
0.2	0.1	PredInterval	26	99.1304347826087	50000
0.2	0.1	CalPred	26	95.9830866807611	5000
0.2	0.1	PredInterval	26	98.94291754756871	5000
0.2	0.1	CalPred	27	86.2475442043222	50000
0.2	0.1	PredInterval	27	75.049115913556	50000
0.2	0.1	CalPred	27	96.2671905697446	5000
0.2	0.1	PredInterval	27	82.90766208251473	5000
0.2	0.1	CalPred	28	94.25287356321839	50000
0.2	0.1	PredInterval	28	100.0	50000
0.2	0.1	CalPred	28	100.0	5000
0.2	0.1	PredInterval	28	93.08681672025723	5000
0.2	0.1	CalPred	29	90.0	50000
0.2	0.1	PredInterval	29	87.29166666666667	50000
0.2	0.1	CalPred	29	91.90283400809717	5000
0.2	0.1	PredInterval	29	92.71255060728745	5000
0.2	1.0	CalPred	0	91.50943396226415	50000
0.2	1.0	PredInterval	0	79.81132075471699	50000
0.2	1.0	CalPred	0	96.78800856531049	5000
0.2	1.0	PredInterval	0	86.29550321199143	5000
0.2	1.0	CalPred	1	91.11111111111111	50000
0.2	1.0	PredInterval	1	96.22222222222221	50000
0.2	1.0	CalPred	1	98.69848156182212	5000
0.2	1.0	PredInterval	1	87.20173535791757	5000
0.2	1.0	CalPred	2	91.36276391554703	50000
0.2	1.0	PredInterval	2	96.3531669865643	50000
0.2	1.0	CalPred	2	97.82214156079854	5000
0.2	1.0	PredInterval	2	100.0	5000
0.2	1.0	CalPred	3	90.96267190569745	50000
0.2	1.0	PredInterval	3	95.67779960707269	50000
0.2	1.0	CalPred	3	99.45454545454545	5000
0.2	1.0	PredInterval	3	85.63636363636363	5000
0.2	1.0	CalPred	4	90.22556390977444	50000
0.2	1.0	PredInterval	4	98.68421052631578	50000
0.2	1.0	CalPred	4	99.24812030075188	5000
0.2	1.0	PredInterval	4	93.04511278195488	5000
0.2	1.0	CalPred	5	90.41916167664671	50000
0.2	1.0	PredInterval	5	74.6506986027944	50000
0.2	1.0	CalPred	5	96.38783269961976	5000
0.2	1.0	PredInterval	5	98.47908745247148	5000
0.2	1.0	CalPred	6	92.60000000000001	50000
0.2	1.0	PredInterval	6	92.2	50000
0.2	1.0	CalPred	6	97.75280898876404	5000
0.2	1.0	PredInterval	6	97.00374531835206	5000
0.2	1.0	CalPred	7	91.28630705394191	50000
0.2	1.0	PredInterval	7	86.72199170124482	50000
0.2	1.0	CalPred	7	98.41897233201581	5000
0.2	1.0	PredInterval	7	96.04743083003953	5000
0.2	1.0	CalPred	8	89.70873786407768	50000
0.2	1.0	PredInterval	8	95.92233009708738	50000
0.2	1.0	CalPred	8	96.74329501915709	5000
0.2	1.0	PredInterval	8	97.70114942528735	5000
0.2	1.0	CalPred	9	91.45631067961165	50000
0.2	1.0	PredInterval	9	95.33980582524272	50000
0.2	1.0	CalPred	9	99.43502824858757	5000
0.2	1.0	PredInterval	9	99.62335216572504	5000
0.2	1.0	CalPred	10	90.98532494758909	50000
0.2	1.0	PredInterval	10	98.32285115303984	50000
0.2	1.0	CalPred	10	99.59266802443992	5000
0.2	1.0	PredInterval	10	96.94501018329939	5000
0.2	1.0	CalPred	11	93.71196754563894	50000
0.2	1.0	PredInterval	11	79.10750507099391	50000
0.2	1.0	CalPred	11	98.00399201596807	5000
0.2	1.0	PredInterval	11	83.23353293413174	5000
0.2	1.0	CalPred	12	93.72294372294373	50000
0.2	1.0	PredInterval	12	97.40259740259741	50000
0.2	1.0	CalPred	12	99.33035714285714	5000
0.2	1.0	PredInterval	12	97.99107142857143	5000
0.2	1.0	CalPred	13	95.70135746606336	50000
0.2	1.0	PredInterval	13	94.79638009049773	50000
0.2	1.0	CalPred	13	94.72527472527472	5000
0.2	1.0	PredInterval	13	99.56043956043956	5000
0.2	1.0	CalPred	14	91.96940726577438	50000
0.2	1.0	PredInterval	14	92.92543021032505	50000
0.2	1.0	CalPred	14	93.98148148148148	5000
0.2	1.0	PredInterval	14	98.8425925925926	5000
0.2	1.0	CalPred	15	91.74107142857143	50000
0.2	1.0	PredInterval	15	93.30357142857143	50000
0.2	1.0	CalPred	15	95.99056603773585	5000
0.2	1.0	PredInterval	15	99.76415094339622	5000
0.2	1.0	CalPred	16	90.40816326530611	50000
0.2	1.0	PredInterval	16	84.6938775510204	50000
0.2	1.0	CalPred	16	99.80506822612085	5000
0.2	1.0	PredInterval	16	91.81286549707602	5000
0.2	1.0	CalPred	17	94.05737704918032	50000
0.2	1.0	PredInterval	17	97.74590163934425	50000
0.2	1.0	CalPred	17	99.34497816593887	5000
0.2	1.0	PredInterval	17	95.63318777292577	5000
0.2	1.0	CalPred	18	90.72356215213358	50000
0.2	1.0	PredInterval	18	93.32096474953617	50000
0.2	1.0	CalPred	18	93.17773788150808	5000
0.2	1.0	PredInterval	18	94.7935368043088	5000
0.2	1.0	CalPred	19	92.73743016759776	50000
0.2	1.0	PredInterval	19	98.13780260707635	50000
0.2	1.0	CalPred	19	99.14893617021276	5000
0.2	1.0	PredInterval	19	87.44680851063829	5000
0.2	1.0	CalPred	20	90.70247933884298	50000
0.2	1.0	PredInterval	20	82.85123966942149	50000
0.2	1.0	CalPred	20	99.18032786885246	5000
0.2	1.0	PredInterval	20	88.72950819672131	5000
0.2	1.0	CalPred	21	92.78752436647173	50000
0.2	1.0	PredInterval	21	90.64327485380117	50000
0.2	1.0	CalPred	21	99.4392523364486	5000
0.2	1.0	PredInterval	21	99.25233644859813	5000
0.2	1.0	CalPred	22	91.38276553106212	50000
0.2	1.0	PredInterval	22	89.77955911823648	50000
0.2	1.0	CalPred	22	96.36363636363636	5000
0.2	1.0	PredInterval	22	82.62626262626263	5000
0.2	1.0	CalPred	23	90.99437148217636	50000
0.2	1.0	PredInterval	23	96.81050656660413	50000
0.2	1.0	CalPred	23	95.91836734693877	5000
0.2	1.0	PredInterval	23	99.44341372912801	5000
0.2	1.0	CalPred	24	91.50197628458498	50000
0.2	1.0	PredInterval	24	100.0	50000
0.2	1.0	CalPred	24	98.86792452830188	5000
0.2	1.0	PredInterval	24	100.0	5000
0.2	1.0	CalPred	25	91.73553719008265	50000
0.2	1.0	PredInterval	25	96.07438016528926	50000
0.2	1.0	CalPred	25	100.0	5000
0.2	1.0	PredInterval	25	94.52332657200812	5000
0.2	1.0	CalPred	26	93.87755102040816	50000
0.2	1.0	PredInterval	26	95.91836734693877	50000
0.2	1.0	CalPred	26	97.17171717171718	5000
0.2	1.0	PredInterval	26	99.19191919191918	5000
0.2	1.0	CalPred	27	89.20454545454545	50000
0.2	1.0	PredInterval	27	88.25757575757575	50000
0.2	1.0	CalPred	27	98.35766423357664	5000
0.2	1.0	PredInterval	27	83.02919708029196	5000
0.2	1.0	CalPred	28	92.38476953907816	50000
0.2	1.0	PredInterval	28	98.59719438877755	50000
0.2	1.0	CalPred	28	99.81785063752277	5000
0.2	1.0	PredInterval	28	95.08196721311475	5000
0.2	1.0	CalPred	29	91.58110882956879	50000
0.2	1.0	PredInterval	29	79.67145790554414	50000
0.2	1.0	CalPred	29	89.1891891891892	5000
0.2	1.0	PredInterval	29	91.47609147609148	5000
0.5	0.001	CalPred	0	91.00204498977506	50000
0.5	0.001	PredInterval	0	94.68302658486708	50000
0.5	0.001	CalPred	0	86.07843137254902	5000
0.5	0.001	PredInterval	0	95.29411764705881	5000
0.5	0.001	CalPred	1	90.63136456211812	50000
0.5	0.001	PredInterval	1	93.68635437881873	50000
0.5	0.001	CalPred	1	91.9753086419753	5000
0.5	0.001	PredInterval	1	86.83127572016461	5000
0.5	0.001	CalPred	2	89.76377952755905	50000
0.5	0.001	PredInterval	2	100.0	50000
0.5	0.001	CalPred	2	88.97795591182364	5000
0.5	0.001	PredInterval	2	100.0	5000
0.5	0.001	CalPred	3	92.87128712871288	50000
0.5	0.001	PredInterval	3	97.62376237623762	50000
0.5	0.001	CalPred	3	89.51456310679612	5000
0.5	0.001	PredInterval	3	92.81553398058252	5000
0.5	0.001	CalPred	4	91.31274131274131	50000
0.5	0.001	PredInterval	4	97.2972972972973	50000
0.5	0.001	CalPred	4	92.1104536489152	5000
0.5	0.001	PredInterval	4	97.2386587771203	5000
0.5	0.001	CalPred	5	90.9090909090909	50000
0.5	0.001	PredInterval	5	97.29206963249516	50000
0.5	0.001	CalPred	5	89.98073217726397	5000
0.5	0.001	PredInterval	5	94.99036608863199	5000
0.5	0.001	CalPred	6	90.24896265560166	50000
0.5	0.001	PredInterval	6	98.7551867219917	50000
0.5	0.001	CalPred	6	89.81481481481481	5000
0.5	0.001	PredInterval	6	94.44444444444444	5000
0.5	0.001	CalPred	7	89.91935483870968	50000
0.5	0.001	PredInterval	7	97.98387096774194	50000
0.5	0.001	CalPred	7	89.42115768463074	5000
0.5	0.001	PredInterval	7	99.00199600798403	5000
0.5	0.001	CalPred	8	87.27272727272727	50000
0.5	0.001	PredInterval	8	96.16161616161617	50000
0.5	0.001	CalPred	8	87.70642201834863	5000
0.5	0.001	PredInterval	8	97.79816513761467	5000
0.5	0.001	CalPred	9	90.98360655737704	50000
0.5	0.001	PredInterval	9	99.59016393442623	50000
0.5	0.001	CalPred	9	89.15401301518439	5000
0.5	0.001	PredInterval	9	98.0477223427332	5000
0.5	0.001	CalPred	10	90.83333333333333	50000
0.5	0.001	PredInterval	10	96.04166666666667	50000
0.5	0.001	CalPred	10	93.125	5000
0.5	0.001	PredInterval	10	93.125	5000
0.5	0.001	CalPred	11	92.09486166007905	50000
0.5	0.001	PredInterval	11	99.80237154150198	50000
0.5	0.001	CalPred	11	91.00642398286938	5000
0.5	0.001	PredInterval	11	97.64453961456103	5000
0.5	0.001	CalPred	12	91.43426294820716	50000
0.5	0.001	PredInterval	12	98.80478087649402	50000
0.5	0.001	CalPred	12	92.23484848484848	5000
0.5	0.001	PredInterval	12	99.0530303030303	5000
0.5	0.001	CalPred	13	91.22807017543859	50000
0.5	0.001	PredInterval	13	98.46491228070175	50000
0.5	0.001	CalPred	13	88.59649122807018	5000
0.5	0.001	PredInterval	13	96.05263157894737	5000
0.5	0.001	CalPred	14	90.96385542168674	50000
0.5	0.001	PredInterval	14	100.0	50000
0.5	0.001	CalPred	14	92.56900212314225	5000
0.5	0.001	PredInterval	14	100.0	5000
0.5	0.001	CalPred	15	90.29345372460497	50000
0.5	0.001	PredInterval	15	95.48532731376976	50000
0.5	0.001	CalPred	15	89.16876574307305	5000
0.5	0.001	PredInterval	15	96.97732997481108	5000
0.5	0.001	CalPred	16	90.39665970772442	50000
0.5	0.001	PredInterval	16	97.07724425887265	50000
0.5	0.001	CalPred	16	89.9209486166008	5000
0.5	0.001	PredInterval	16	95.65217391304348	5000
0.5	0.001	CalPred	17	91.75475687103594	50000
0.5	0.001	PredInterval	17	95.77167019027483	50000
0.5	0.001	CalPred	17	93.33333333333333	5000
0.5	0.001	PredInterval	17	93.125	5000
0.5	0.001	CalPred	18	89.84674329501917	50000
0.5	0.001	PredInterval	18	95.40229885057471	50000
0.5	0.001	CalPred	18	85.71428571428571	5000
0.5	0.001	PredInterval	18	90.22556390977444	5000
0.5	0.001	CalPred	19	88.50102669404517	50000
0.5	0.001	PredInterval	19	95.68788501026694	50000
0.5	0.001	CalPred	19	92.26069246435846	5000
0.5	0.001	PredInterval	19	88.18737270875764	5000
0.5	0.001	CalPred	20	92.21311475409836	50000
0.5	0.001	PredInterval	20	99.79508196721312	50000
0.5	0.001	CalPred	20	92.81314168377823	5000
0.5	0.001	PredInterval	20	99.17864476386036	5000
0.5	0.001	CalPred	21	88.93617021276596	50000
0.5	0.001	PredInterval	21	98.29787234042553	50000
0.5	0.001	CalPred	21	89.65517241379311	5000
0.5	0.001	PredInterval	21	99.79716024340772	5000
0.5	0.001	CalPred	22	90.6054279749478	50000
0.5	0.001	PredInterval	22	98.12108559498957	50000
0.5	0.001	CalPred	22	91.1214953271028	5000
0.5	0.001	PredInterval	22	90.88785046728972	5000
0.5	0.001	CalPred	23	89.58742632612967	50000
0.5	0.001	PredInterval	23	98.23182711198429	50000
0.5	0.001	CalPred	23	88.26815642458101	5000
0.5	0.001	PredInterval	23	100.0	5000
0.5	0.001	CalPred	24	91.19496855345912	50000
0.5	0.001	PredInterval	24	99.79035639412997	50000
0.5	0.001	CalPred	24	87.9245283018868	5000
0.5	0.001	PredInterval	24	99.81132075471699	5000
0.5	0.001	CalPred	25	89.33601609657947	50000
0.5	0.001	PredInterval	25	96.37826961770624	50000
0.5	0.001	CalPred	25	91.14688128772636	5000
0.5	0.001	PredInterval	25	92.35412474849095	5000
0.5	0.001	CalPred	26	91.77215189873418	50000
0.5	0.001	PredInterval	26	97.8902953586498	50000
0.5	0.001	CalPred	26	89.84547461368653	5000
0.5	0.001	PredInterval	26	98.89624724061811	5000
0.5	0.001	CalPred	27	90.09708737864077	50000
0.5	0.001	PredInterval	27	93.59223300970874	50000
0.5	0.001	CalPred	27	91.38576779026218	5000
0.5	0.001	PredInterval	27	89.51310861423221	5000
0.5	0.001	CalPred	28	91.96787148594377	50000
0.5	0.001	PredInterval	28	96.18473895582329	50000
0.5	0.001	CalPred	28	90.0375939849624	5000
0.5	0.001	PredInterval	28	92.66917293233082	5000
0.5	0.001	CalPred	29	90.3921568627451	50000
0.5	0.001	PredInterval	29	97.05882352941177	50000
0.5	0.001	CalPred	29	86.75373134328358	5000
0.5	0.001	PredInterval	29	100.0	5000
0.5	0.01	CalPred	0	89.91935483870968	50000
0.5	0.01	PredInterval	0	95.56451612903226	50000
0.5	0.01	CalPred	0	87.32394366197182	5000
0.5	0.01	PredInterval	0	88.32997987927565	5000
0.5	0.01	CalPred	1	89.86784140969164	50000
0.5	0.01	PredInterval	1	99.55947136563876	50000
0.5	0.01	CalPred	1	90.43659043659044	5000
0.5	0.01	PredInterval	1	95.21829521829522	5000
0.5	0.01	CalPred	2	88.91213389121339	50000
0.5	0.01	PredInterval	2	94.14225941422593	50000
0.5	0.01	CalPred	2	86.073500967118	5000
0.5	0.01	PredInterval	2	98.64603481624758	5000
0.5	0.01	CalPred	3	90.73359073359073	50000
0.5	0.01	PredInterval	3	94.20849420849422	50000
0.5	0.01	CalPred	3	91.48148148148148	5000
0.5	0.01	PredInterval	3	87.96296296296296	5000
0.5	0.01	CalPred	4	90.92827004219409	50000
0.5	0.01	PredInterval	4	96.41350210970464	50000
0.5	0.01	CalPred	4	91.13207547169812	5000
0.5	0.01	PredInterval	4	97.9245283018868	5000
0.5	0.01	CalPred	5	90.83665338645417	50000
0.5	0.01	PredInterval	5	99.800796812749	50000
0.5	0.01	CalPred	5	92.80442804428044	5000
0.5	0.01	PredInterval	5	100.0	5000
0.5	0.01	CalPred	6	89.48339483394834	50000
0.5	0.01	PredInterval	6	98.8929889298893	50000
0.5	0.01	CalPred	6	85.39518900343643	5000
0.5	0.01	PredInterval	6	96.56357388316151	5000
0.5	0.01	CalPred	7	88.4765625	50000
0.5	0.01	PredInterval	7	94.53125	50000
0.5	0.01	CalPred	7	92.01520912547528	5000
0.5	0.01	PredInterval	7	95.81749049429658	5000
0.5	0.01	CalPred	8	89.62655601659752	50000
0.5	0.01	PredInterval	8	94.81327800829875	50000
0.5	0.01	CalPred	8	88.97196261682242	5000
0.5	0.01	PredInterval	8	95.88785046728971	5000
0.5	0.01	CalPred	9	91.66666666666666	50000
0.5	0.01	PredInterval	9	98.57723577235772	50000
0.5	0.01	CalPred	9	96.37096774193549	5000
0.5	0.01	PredInterval	9	98.79032258064517	5000
0.5	0.01	CalPred	10	90.2127659574468	50000
0.5	0.01	PredInterval	10	98.08510638297872	50000
0.5	0.01	CalPred	10	91.88640973630832	5000
0.5	0.01	PredInterval	10	92.69776876267748	5000
0.5	0.01	CalPred	11	90.59500959692899	50000
0.5	0.01	PredInterval	11	100.0	50000
0.5	0.01	CalPred	11	92.1875	5000
0.5	0.01	PredInterval	11	98.828125	5000
0.5	0.01	CalPred	12	92.47524752475248	50000
0.5	0.01	PredInterval	12	98.8118811881188	50000
0.5	0.01	CalPred	12	90.30927835051547	5000
0.5	0.01	PredInterval	12	90.30927835051547	5000
0.5	0.01	CalPred	13	91.27659574468086	50000
0.5	0.01	PredInterval	13	100.0	50000
0.5	0.01	CalPred	13	89.27835051546393	5000
0.5	0.01	PredInterval	13	100.0	5000
0.5	0.01	CalPred	14	90.60000000000001	50000
0.5	0.01	PredInterval	14	95.39999999999999	50000
0.5	0.01	CalPred	14	91.17043121149896	5000
0.5	0.01	PredInterval	14	99.38398357289527	5000
0.5	0.01	CalPred	15	92.18106995884774	50000
0.5	0.01	PredInterval	15	95.47325102880659	50000
0.5	0.01	CalPred	15	92.0335429769392	5000
0.5	0.01	PredInterval	15	100.0	5000
0.5	0.01	CalPred	16	91.23931623931624	50000
0.5	0.01	PredInterval	16	97.22222222222221	50000
0.5	0.01	CalPred	16	87.47514910536779	5000
0.5	0.01	PredInterval	16	93.24055666003976	5000
0.5	0.01	CalPred	17	91.91489361702128	50000
0.5	0.01	PredInterval	17	94.46808510638299	50000
0.5	0.01	CalPred	17	92.76595744680851	5000
0.5	0.01	PredInterval	17	95.31914893617022	5000
0.5	0.01	CalPred	18	91.82948490230906	50000
0.5	0.01	PredInterval	18	100.0	50000
0.5	0.01	CalPred	18	87.75510204081633	5000
0.5	0.01	PredInterval	18	99.07235621521335	5000
0.5	0.01	CalPred	19	91.26016260162602	50000
0.5	0.01	PredInterval	19	100.0	50000
0.5	0.01	CalPred	19	95.28089887640449	5000
0.5	0.01	PredInterval	19	97.97752808988764	5000
0.5	0.01	CalPred	20	89.34108527131784	50000
0.5	0.01	PredInterval	20	99.03100775193798	50000
0.5	0.01	CalPred	20	93.72759856630825	5000
0.5	0.01	PredInterval	20	96.05734767025089	5000
0.5	0.01	CalPred	21	90.06085192697769	50000
0.5	0.01	PredInterval	21	94.32048681541582	50000
0.5	0.01	CalPred	21	91.65009940357854	5000
0.5	0.01	PredInterval	21	99.20477137176938	5000
0.5	0.01	CalPred	22	89.6969696969697	50000
0.5	0.01	PredInterval	22	100.0	50000
0.5	0.01	CalPred	22	90.14084507042254	5000
0.5	0.01	PredInterval	22	99.59758551307847	5000
0.5	0.01	CalPred	23	89.40269749518305	50000
0.5	0.01	PredInterval	23	97.495183044316	50000
0.5	0.01	CalPred	23	88.97795591182364	5000
0.5	0.01	PredInterval	23	99.79959919839679	5000
0.5	0.01	CalPred	24	90.1840490797546	50000
0.5	0.01	PredInterval	24	96.31901840490798	50000
0.5	0.01	CalPred	24	90.12605042016807	5000
0.5	0.01	PredInterval	24	98.73949579831933	5000
0.5	0.01	CalPred	25	91.0420475319927	50000
0.5	0.01	PredInterval	25	99.08592321755027	50000
0.5	0.01	CalPred	25	94.77611940298507	5000
0.5	0.01	PredInterval	25	90.85820895522389	5000
0.5	0.01	CalPred	26	92.37288135593221	50000
0.5	0.01	PredInterval	26	97.03389830508475	50000
0.5	0.01	CalPred	26	91.63265306122449	5000
0.5	0.01	PredInterval	26	93.46938775510203	5000
0.5	0.01	CalPred	27	92.91187739463601	50000
0.5	0.01	PredInterval	27	99.04214559386973	50000
0.5	0.01	CalPred	27	93.93939393939394	5000
0.5	0.01	PredInterval	27	92.25589225589226	5000
0.5	0.01	CalPred	28	91.21495327102804	50000
0.5	0.01	PredInterval	28	94.2056074766355	50000
0.5	0.01	CalPred	28	90.2135231316726	5000
0.5	0.01	PredInterval	28	93.95017793594306	5000
0.5	0.01	CalPred	29	90.20408163265307	50000
0.5	0.01	PredInterval	29	98.36734693877551	50000
0.5	0.01	CalPred	29	85.85657370517929	5000
0.5	0.01	PredInterval	29	98.60557768924303	5000
0.5	0.1	CalPred	0	90.21526418786692	50000
0.5	0.1	PredInterval	0	99.60861056751467	50000
0.5	0.1	CalPred	0	87.16356107660455	5000
0.5	0.1	PredInterval	0	96.68737060041408	5000
0.5	0.1	CalPred	1	89.79591836734694	50000
0.5	0.1	PredInterval	1	98.9795918367347	50000
0.5	0.1	CalPred	1	90.92702169625247	5000
0.5	0.1	PredInterval	1	90.3353057199211	5000
0.5	0.1	CalPred	2	90.13282732447819	50000
0.5	0.1	PredInterval	2	99.43074003795066	50000
0.5	0.1	CalPred	2	87.72277227722772	5000
0.5	0.1	PredInterval	2	100.0	5000
0.5	0.1	CalPred	3	90.56224899598394	50000
0.5	0.1	PredInterval	3	100.0	50000
0.5	0.1	CalPred	3	87.45247148288973	5000
0.5	0.1	PredInterval	3	93.91634980988593	5000
0.5	0.1	CalPred	4	91.49338374291115	50000
0.5	0.1	PredInterval	4	97.16446124763705	50000
0.5	0.1	CalPred	4	90.94412331406551	5000
0.5	0.1	PredInterval	4	93.0635838150289	5000
0.5	0.1	CalPred	5	88.18737270875764	50000
0.5	0.1	PredInterval	5	92.66802443991853	50000
0.5	0.1	CalPred	5	88.468809073724	5000
0.5	0.1	PredInterval	5	88.84688090737241	5000
0.5	0.1	CalPred	6	91.02040816326532	50000
0.5	0.1	PredInterval	6	94.08163265306122	50000
0.5	0.1	CalPred	6	92.96028880866426	5000
0.5	0.1	PredInterval	6	90.7942238267148	5000
0.5	0.1	CalPred	7	91.9172932330827	50000
0.5	0.1	PredInterval	7	99.62406015037594	50000
0.5	0.1	CalPred	7	95.50561797752809	5000
0.5	0.1	PredInterval	7	98.12734082397003	5000
0.5	0.1	CalPred	8	86.46034816247582	50000
0.5	0.1	PredInterval	8	100.0	50000
0.5	0.1	CalPred	8	86.6785079928952	5000
0.5	0.1	PredInterval	8	99.82238010657194	5000
0.5	0.1	CalPred	9	90.83665338645417	50000
0.5	0.1	PredInterval	9	99.800796812749	50000
0.5	0.1	CalPred	9	92.91338582677166	5000
0.5	0.1	PredInterval	9	100.0	5000
0.5	0.1	CalPred	10	91.83673469387756	50000
0.5	0.1	PredInterval	10	99.59183673469387	50000
0.5	0.1	CalPred	10	92.13483146067416	5000
0.5	0.1	PredInterval	10	100.0	5000
0.5	0.1	CalPred	11	92.36499068901304	50000
0.5	0.1	PredInterval	11	95.34450651769087	50000
0.5	0.1	CalPred	11	89.77272727272727	5000
0.5	0.1	PredInterval	11	87.5	5000
0.5	0.1	CalPred	12	90.2390438247012	50000
0.5	0.1	PredInterval	12	99.60159362549801	50000
0.5	0.1	CalPred	12	94.95145631067962	5000
0.5	0.1	PredInterval	12	99.6116504854369	5000
0.5	0.1	CalPred	13	92.13973799126637	50000
0.5	0.1	PredInterval	13	97.37991266375546	50000
0.5	0.1	CalPred	13	88.96103896103897	5000
0.5	0.1	PredInterval	13	94.8051948051948	5000
0.5	0.1	CalPred	14	88.78504672897196	50000
0.5	0.1	PredInterval	14	93.83177570093459	50000
0.5	0.1	CalPred	14	89.77695167286245	5000
0.5	0.1	PredInterval	14	100.0	5000
0.5	0.1	CalPred	15	90.8466819221968	50000
0.5	0.1	PredInterval	15	95.4233409610984	50000
0.5	0.1	CalPred	15	89.69555035128806	5000
0.5	0.1	PredInterval	15	100.0	5000
0.5	0.1	CalPred	16	92.84332688588007	50000
0.5	0.1	PredInterval	16	97.09864603481626	50000
0.5	0.1	CalPred	16	91.47121535181236	5000
0.5	0.1	PredInterval	16	95.0959488272921	5000
0.5	0.1	CalPred	17	92.40246406570843	50000
0.5	0.1	PredInterval	17	97.74127310061603	50000
0.5	0.1	CalPred	17	88.72950819672131	5000
0.5	0.1	PredInterval	17	99.18032786885246	5000
0.5	0.1	CalPred	18	88.59315589353612	50000
0.5	0.1	PredInterval	18	98.09885931558935	50000
0.5	0.1	CalPred	18	92.0754716981132	5000
0.5	0.1	PredInterval	18	91.13207547169812	5000
0.5	0.1	CalPred	19	91.03053435114504	50000
0.5	0.1	PredInterval	19	96.7557251908397	50000
0.5	0.1	CalPred	19	93.00847457627118	5000
0.5	0.1	PredInterval	19	92.58474576271186	5000
0.5	0.1	CalPred	20	89.50617283950618	50000
0.5	0.1	PredInterval	20	93.20987654320987	50000
0.5	0.1	CalPred	20	90.2439024390244	5000
0.5	0.1	PredInterval	20	85.58758314855875	5000
0.5	0.1	CalPred	21	88.66396761133603	50000
0.5	0.1	PredInterval	21	98.78542510121457	50000
0.5	0.1	CalPred	21	86.14072494669509	5000
0.5	0.1	PredInterval	21	100.0	5000
0.5	0.1	CalPred	22	89.86784140969164	50000
0.5	0.1	PredInterval	22	94.49339207048459	50000
0.5	0.1	CalPred	22	88.75	5000
0.5	0.1	PredInterval	22	87.70833333333333	5000
0.5	0.1	CalPred	23	90.8203125	50000
0.5	0.1	PredInterval	23	99.8046875	50000
0.5	0.1	CalPred	23	84.97109826589595	5000
0.5	0.1	PredInterval	23	90.7514450867052	5000
0.5	0.1	CalPred	24	89.10891089108911	50000
0.5	0.1	PredInterval	24	100.0	50000
0.5	0.1	CalPred	24	93.17343173431735	5000
0.5	0.1	PredInterval	24	100.0	5000
0.5	0.1	CalPred	25	90.96509240246407	50000
0.5	0.1	PredInterval	25	100.0	50000
0.5	0.1	CalPred	25	94.61538461538461	5000
0.5	0.1	PredInterval	25	99.61538461538461	5000
0.5	0.1	CalPred	26	90.96774193548387	50000
0.5	0.1	PredInterval	26	99.78494623655914	50000
0.5	0.1	CalPred	26	87.16814159292035	5000
0.5	0.1	PredInterval	26	100.0	5000
0.5	0.1	CalPred	27	88.84297520661157	50000
0.5	0.1	PredInterval	27	94.42148760330579	50000
0.5	0.1	CalPred	27	90.73684210526316	5000
0.5	0.1	PredInterval	27	86.52631578947368	5000
0.5	0.1	CalPred	28	93.03201506591337	50000
0.5	0.1	PredInterval	28	100.0	50000
0.5	0.1	CalPred	28	95.88336192109776	5000
0.5	0.1	PredInterval	28	97.25557461406518	5000
0.5	0.1	CalPred	29	90.46563192904657	50000
0.5	0.1	PredInterval	29	93.34811529933481	50000
0.5	0.1	CalPred	29	87.55020080321285	5000
0.5	0.1	PredInterval	29	93.57429718875501	5000
0.5	1.0	CalPred	0	90.14084507042254	50000
0.5	1.0	PredInterval	0	91.25475285171103	50000
0.5	1.0	CalPred	0	85.28138528138528	5000
0.5	1.0	PredInterval	0	88.31168831168831	5000
0.5	1.0	CalPred	1	92.01773835920177	50000
0.5	1.0	PredInterval	1	96.81093394077449	50000
0.5	1.0	CalPred	1	92.22903885480572	5000
0.5	1.0	PredInterval	1	95.70552147239265	5000
0.5	1.0	CalPred	2	89.16827852998065	50000
0.5	1.0	PredInterval	2	99.02912621359224	50000
0.5	1.0	CalPred	2	91.88191881918819	5000
0.5	1.0	PredInterval	2	100.0	5000
0.5	1.0	CalPred	3	89.68253968253968	50000
0.5	1.0	PredInterval	3	98.73417721518987	50000
0.5	1.0	CalPred	3	92.75092936802974	5000
0.5	1.0	PredInterval	3	89.59107806691449	5000
0.5	1.0	CalPred	4	86.9098712446352	50000
0.5	1.0	PredInterval	4	100.0	50000
0.5	1.0	CalPred	4	91.07883817427386	5000
0.5	1.0	PredInterval	4	91.90871369294605	5000
0.5	1.0	CalPred	5	90.20833333333333	50000
0.5	1.0	PredInterval	5	98.48484848484848	50000
0.5	1.0	CalPred	5	87.03703703703704	5000
0.5	1.0	PredInterval	5	98.88888888888889	5000
0.5	1.0	CalPred	6	89.96062992125984	50000
0.5	1.0	PredInterval	6	95.80838323353294	50000
0.5	1.0	CalPred	6	89.7887323943662	5000
0.5	1.0	PredInterval	6	94.71830985915493	5000
0.5	1.0	CalPred	7	86.89217758985201	50000
0.5	1.0	PredInterval	7	99.15074309978769	50000
0.5	1.0	CalPred	7	88.97795591182364	5000
0.5	1.0	PredInterval	7	94.58917835671342	5000
0.5	1.0	CalPred	8	89.76545842217483	50000
0.5	1.0	PredInterval	8	97.84735812133071	50000
0.5	1.0	CalPred	8	86.29856850715747	5000
0.5	1.0	PredInterval	8	99.79550102249489	5000
0.5	1.0	CalPred	9	90.74074074074075	50000
0.5	1.0	PredInterval	9	97.21189591078067	50000
0.5	1.0	CalPred	9	94.05405405405406	5000
0.5	1.0	PredInterval	9	99.45945945945947	5000
0.5	1.0	CalPred	10	87.44680851063829	50000
0.5	1.0	PredInterval	10	99.77728285077951	50000
0.5	1.0	CalPred	10	92.87169042769857	5000
0.5	1.0	PredInterval	10	97.5560081466395	5000
0.5	1.0	CalPred	11	90.98712446351931	50000
0.5	1.0	PredInterval	11	93.7864077669903	50000
0.5	1.0	CalPred	11	86.87872763419483	5000
0.5	1.0	PredInterval	11	85.88469184890656	5000
0.5	1.0	CalPred	12	90.57377049180327	50000
0.5	1.0	PredInterval	12	98.52631578947368	50000
0.5	1.0	CalPred	12	94.2982456140351	5000
0.5	1.0	PredInterval	12	99.12280701754386	5000
0.5	1.0	CalPred	13	91.33064516129032	50000
0.5	1.0	PredInterval	13	96.95652173913044	50000
0.5	1.0	CalPred	13	89.85507246376811	5000
0.5	1.0	PredInterval	13	98.9648033126294	5000
0.5	1.0	CalPred	14	90.020366598778	50000
0.5	1.0	PredInterval	14	93.359375	50000
0.5	1.0	CalPred	14	88.32599118942731	5000
0.5	1.0	PredInterval	14	99.33920704845815	5000
0.5	1.0	CalPred	15	91.37931034482759	50000
0.5	1.0	PredInterval	15	98.50427350427351	50000
0.5	1.0	CalPred	15	88.8646288209607	5000
0.5	1.0	PredInterval	15	100.0	5000
0.5	1.0	CalPred	16		50000
0.5	1.0	PredInterval	16	97.17741935483872	50000
0.5	1.0	CalPred	16	90.92827004219409	5000
0.5	1.0	PredInterval	16	91.77215189873418	5000
0.5	1.0	CalPred	17	91.58110882956879	50000
0.5	1.0	PredInterval	17	98.15195071868584	50000
0.5	1.0	CalPred	17	93.22381930184805	5000
0.5	1.0	PredInterval	17	93.83983572895276	5000
0.5	1.0	CalPred	18	90.0	50000
0.5	1.0	PredInterval	18	99.42307692307692	50000
0.5	1.0	CalPred	18	89.62818003913894	5000
0.5	1.0	PredInterval	18	99.02152641878669	5000
0.5	1.0	CalPred	19	89.55512572533848	50000
0.5	1.0	PredInterval	19	95.35783365570599	50000
0.5	1.0	CalPred	19	95.85798816568047	5000
0.5	1.0	PredInterval	19	92.1104536489152	5000
0.5	1.0	CalPred	20	92.07920792079209	50000
0.5	1.0	PredInterval	20	96.23762376237623	50000
0.5	1.0	CalPred	20	92.07317073170732	5000
0.5	1.0	PredInterval	20	91.26016260162602	5000
0.5	1.0	CalPred	21	90.85365853658537	50000
0.5	1.0	PredInterval	21	96.95121951219512	50000
0.5	1.0	CalPred	21	94.3089430894309	5000
0.5	1.0	PredInterval	21	96.7479674796748	5000
0.5	1.0	CalPred	22	90.87301587301587	50000
0.5	1.0	PredInterval	22	98.80952380952381	50000
0.5	1.0	CalPred	22	91.59836065573771	5000
0.5	1.0	PredInterval	22	89.75409836065575	5000
0.5	1.0	CalPred	23	86.43724696356276	50000
0.5	1.0	PredInterval	23	99.39271255060729	50000
0.5	1.0	CalPred	23	85.68464730290457	5000
0.5	1.0	PredInterval	23	98.54771784232366	5000
0.5	1.0	CalPred	24	90.50387596899225	50000
0.5	1.0	PredInterval	24	99.8062015503876	50000
0.5	1.0	CalPred	24	92.26519337016575	5000
0.5	1.0	PredInterval	24	100.0	5000
0.5	1.0	CalPred	25	93.38842975206612	50000
0.5	1.0	PredInterval	25	99.58677685950413	50000
0.5	1.0	CalPred	25	95.91439688715954	5000
0.5	1.0	PredInterval	25	94.94163424124513	5000
0.5	1.0	CalPred	26	93.25396825396825	50000
0.5	1.0	PredInterval	26	98.80952380952381	50000
0.5	1.0	CalPred	26	88.93058161350844	5000
0.5	1.0	PredInterval	26	100.0	5000
0.5	1.0	CalPred	27	87.5717017208413	50000
0.5	1.0	PredInterval	27	92.54302103250478	50000
0.5	1.0	CalPred	27	90.22140221402213	5000
0.5	1.0	PredInterval	27	88.00738007380073	5000
0.5	1.0	CalPred	28	91.30434782608695	50000
0.5	1.0	PredInterval	28	99.79296066252587	50000
0.5	1.0	CalPred	28	93.17269076305222	5000
0.5	1.0	PredInterval	28	98.39357429718876	5000
0.5	1.0	CalPred	29	88.72340425531915	50000
0.5	1.0	PredInterval	29	94.46808510638299	50000
0.5	1.0	CalPred	29	83.40248962655602	5000
0.5	1.0	PredInterval	29	91.49377593360995	5000
0.8	0.001	CalPred	0	92.29249011857708	50000
0.8	0.001	PredInterval	0	99.2094861660079	50000
0.8	0.001	CalPred	0	91.94139194139194	5000
0.8	0.001	PredInterval	0	98.35164835164835	5000
0.8	0.001	CalPred	1	91.46110056925995	50000
0.8	0.001	PredInterval	1	98.67172675521822	50000
0.8	0.001	CalPred	1	92.29287090558766	5000
0.8	0.001	PredInterval	1	94.79768786127167	5000
0.8	0.001	CalPred	2	94.5631067961165	50000
0.8	0.001	PredInterval	2	100.0	50000
0.8	0.001	CalPred	2	92.29287090558766	5000
0.8	0.001	PredInterval	2	100.0	5000
0.8	0.001	CalPred	3	95.69471624266144	50000
0.8	0.001	PredInterval	3	99.80430528375733	50000
0.8	0.001	CalPred	3	92.45647969052224	5000
0.8	0.001	PredInterval	3	96.71179883945842	5000
0.8	0.001	CalPred	4	95.06903353057199	50000
0.8	0.001	PredInterval	4	99.60552268244575	50000
0.8	0.001	CalPred	4	95.45454545454545	5000
0.8	0.001	PredInterval	4	99.58677685950413	5000
0.8	0.001	CalPred	5	93.30783938814533	50000
0.8	0.001	PredInterval	5	98.8527724665392	50000
0.8	0.001	CalPred	5	90.45871559633028	5000
0.8	0.001	PredInterval	5	95.96330275229357	5000
0.8	0.001	CalPred	6	93.4020618556701	50000
0.8	0.001	PredInterval	6	99.79381443298969	50000
0.8	0.001	CalPred	6	91.6030534351145	5000
0.8	0.001	PredInterval	6	97.32824427480917	5000
0.8	0.001	CalPred	7	94.26877470355731	50000
0.8	0.001	PredInterval	7	100.0	50000
0.8	0.001	CalPred	7	93.63295880149812	5000
0.8	0.001	PredInterval	7	100.0	5000
0.8	0.001	CalPred	8	91.3716814159292	50000
0.8	0.001	PredInterval	8	98.67256637168141	50000
0.8	0.001	CalPred	8	93.95161290322581	5000
0.8	0.001	PredInterval	8	98.18548387096774	5000
0.8	0.001	CalPred	9	93.7888198757764	50000
0.8	0.001	PredInterval	9	100.0	50000
0.8	0.001	CalPred	9	92.23529411764706	5000
0.8	0.001	PredInterval	9	99.76470588235294	5000
0.8	0.001	CalPred	10	93.26530612244898	50000
0.8	0.001	PredInterval	10	98.36734693877551	50000
0.8	0.001	CalPred	10	93.6127744510978	5000
0.8	0.001	PredInterval	10	96.40718562874252	5000
0.8	0.001	CalPred	11	93.72549019607843	50000
0.8	0.001	PredInterval	11	99.80392156862746	50000
0.8	0.001	CalPred	11	90.79754601226993	5000
0.8	0.001	PredInterval	11	97.95501022494888	5000
0.8	0.001	CalPred	12	93.9203354297694	50000
0.8	0.001	PredInterval	12	100.0	50000
0.8	0.001	CalPred	12	92.98597194388778	5000
0.8	0.001	PredInterval	12	100.0	5000
0.8	0.001	CalPred	13	92.24137931034483	50000
0.8	0.001	PredInterval	13	99.35344827586206	50000
0.8	0.001	CalPred	13	94.87179487179486	5000
0.8	0.001	PredInterval	13	98.29059829059828	5000
0.8	0.001	CalPred	14	91.96787148594377	50000
0.8	0.001	PredInterval	14	100.0	50000
0.8	0.001	CalPred	14	90.61876247504989	5000
0.8	0.001	PredInterval	14	100.0	5000
0.8	0.001	CalPred	15	92.2566371681416	50000
0.8	0.001	PredInterval	15	99.11504424778761	50000
0.8	0.001	CalPred	15	94.76082004555809	5000
0.8	0.001	PredInterval	15	99.54441913439635	5000
0.8	0.001	CalPred	16	93.56725146198829	50000
0.8	0.001	PredInterval	16	99.80506822612085	50000
0.8	0.001	CalPred	16	93.11023622047244	5000
0.8	0.001	PredInterval	16	98.81889763779527	5000
0.8	0.001	CalPred	17	94.12997903563941	50000
0.8	0.001	PredInterval	17	98.74213836477988	50000
0.8	0.001	CalPred	17	95.9349593495935	5000
0.8	0.001	PredInterval	17	97.5609756097561	5000
0.8	0.001	CalPred	18	92.578125	50000
0.8	0.001	PredInterval	18	98.6328125	50000
0.8	0.001	CalPred	18	91.23505976095618	5000
0.8	0.001	PredInterval	18	95.61752988047809	5000
0.8	0.001	CalPred	19	91.84100418410041	50000
0.8	0.001	PredInterval	19	100.0	50000
0.8	0.001	CalPred	19	92.69311064718163	5000
0.8	0.001	PredInterval	19	95.19832985386222	5000
0.8	0.001	CalPred	20	93.7759336099585	50000
0.8	0.001	PredInterval	20	100.0	50000
0.8	0.001	CalPred	20	93.38842975206612	5000
0.8	0.001	PredInterval	20	100.0	5000
0.8	0.001	CalPred	21	94.7265625	50000
0.8	0.001	PredInterval	21	99.8046875	50000
0.8	0.001	CalPred	21	92.04545454545455	5000
0.8	0.001	PredInterval	21	99.81060606060606	5000
0.8	0.001	CalPred	22	92.12121212121212	50000
0.8	0.001	PredInterval	22	99.79797979797979	50000
0.8	0.001	CalPred	22	92.7765237020316	5000
0.8	0.001	PredInterval	22	96.16252821670429	5000
0.8	0.001	CalPred	23	92.41245136186771	50000
0.8	0.001	PredInterval	23	99.61089494163424	50000
0.8	0.001	CalPred	23	91.4448669201521	5000
0.8	0.001	PredInterval	23	100.0	5000
0.8	0.001	CalPred	24	95.01039501039502	50000
0.8	0.001	PredInterval	24	100.0	50000
0.8	0.001	CalPred	24	90.8315565031983	5000
0.8	0.001	PredInterval	24	99.57356076759062	5000
0.8	0.001	CalPred	25	93.82716049382715	50000
0.8	0.001	PredInterval	25	99.1769547325103	50000
0.8	0.001	CalPred	25	91.80672268907563	5000
0.8	0.001	PredInterval	25	97.26890756302521	5000
0.8	0.001	CalPred	26	93.30628803245436	50000
0.8	0.001	PredInterval	26	99.59432048681542	50000
0.8	0.001	CalPred	26	94.79638009049773	5000
0.8	0.001	PredInterval	26	100.0	5000
0.8	0.001	CalPred	27	93.91480730223124	50000
0.8	0.001	PredInterval	27	99.39148073022312	50000
0.8	0.001	CalPred	27	93.812375249501	5000
0.8	0.001	PredInterval	27	95.80838323353294	5000
0.8	0.001	CalPred	28	95.03968253968253	50000
0.8	0.001	PredInterval	28	98.80952380952381	50000
0.8	0.001	CalPred	28	92.41379310344827	5000
0.8	0.001	PredInterval	28	97.06896551724138	5000
0.8	0.001	CalPred	29	93.73737373737374	50000
0.8	0.001	PredInterval	29	99.39393939393939	50000
0.8	0.001	CalPred	29	91.82948490230906	5000
0.8	0.001	PredInterval	29	100.0	5000
0.8	0.01	CalPred	0	92.46575342465754	50000
0.8	0.01	PredInterval	0	100.0	50000
0.8	0.01	CalPred	0	89.92805755395683	5000
0.8	0.01	PredInterval	0	99.52038369304557	5000
0.8	0.01	CalPred	1	92.12765957446808	50000
0.8	0.01	PredInterval	1	98.08510638297872	50000
0.8	0.01	CalPred	1	92.58517034068137	5000
0.8	0.01	PredInterval	1	97.59519038076152	5000
0.8	0.01	CalPred	2	92.79835390946502	50000
0.8	0.01	PredInterval	2	100.0	50000
0.8	0.01	CalPred	2	89.79963570127505	5000
0.8	0.01	PredInterval	2	100.0	5000
0.8	0.01	CalPred	3	93.03675048355899	50000
0.8	0.01	PredInterval	3	98.45261121856866	50000
0.8	0.01	CalPred	3	90.44117647058823	5000
0.8	0.01	PredInterval	3	95.22058823529412	5000
0.8	0.01	CalPred	4	92.48434237995825	50000
0.8	0.01	PredInterval	4	98.53862212943632	50000
0.8	0.01	CalPred	4	90.77253218884121	5000
0.8	0.01	PredInterval	4	94.4206008583691	5000
0.8	0.01	CalPred	5	93.30628803245436	50000
0.8	0.01	PredInterval	5	98.58012170385395	50000
0.8	0.01	CalPred	5	88.8671875	5000
0.8	0.01	PredInterval	5	96.6796875	5000
0.8	0.01	CalPred	6	92.88537549407114	50000
0.8	0.01	PredInterval	6	100.0	50000
0.8	0.01	CalPred	6	89.28571428571429	5000
0.8	0.01	PredInterval	6	100.0	5000
0.8	0.01	CalPred	7	93.02325581395348	50000
0.8	0.01	PredInterval	7	99.6124031007752	50000
0.8	0.01	CalPred	7	91.74664107485604	5000
0.8	0.01	PredInterval	7	100.0	5000
0.8	0.01	CalPred	8	92.61363636363636	50000
0.8	0.01	PredInterval	8	99.24242424242425	50000
0.8	0.01	CalPred	8	90.36918138041734	5000
0.8	0.01	PredInterval	8	99.19743178170144	5000
0.8	0.01	CalPred	9	93.81663113006397	50000
0.8	0.01	PredInterval	9	98.72068230277186	50000
0.8	0.01	CalPred	9	90.0	5000
0.8	0.01	PredInterval	9	93.26086956521739	5000
0.8	0.01	CalPred	10	93.69747899159664	50000
0.8	0.01	PredInterval	10	99.78991596638656	50000
0.8	0.01	CalPred	10	89.55223880597015	5000
0.8	0.01	PredInterval	10	97.01492537313433	5000
0.8	0.01	CalPred	11	95.56840077071291	50000
0.8	0.01	PredInterval	11	99.22928709055877	50000
0.8	0.01	CalPred	11	92.27642276422763	5000
0.8	0.01	PredInterval	11	97.15447154471545	5000
0.8	0.01	CalPred	12	93.55509355509356	50000
0.8	0.01	PredInterval	12	100.0	50000
0.8	0.01	CalPred	12	93.47368421052632	5000
0.8	0.01	PredInterval	12	100.0	5000
0.8	0.01	CalPred	13	94.20289855072464	50000
0.8	0.01	PredInterval	13	100.0	50000
0.8	0.01	CalPred	13	95.48254620123203	5000
0.8	0.01	PredInterval	13	98.97330595482546	5000
0.8	0.01	CalPred	14	91.9753086419753	50000
0.8	0.01	PredInterval	14	100.0	50000
0.8	0.01	CalPred	14	90.6614785992218	5000
0.8	0.01	PredInterval	14	100.0	5000
0.8	0.01	CalPred	15	92.92929292929293	50000
0.8	0.01	PredInterval	15	99.39393939393939	50000
0.8	0.01	CalPred	15	91.2751677852349	5000
0.8	0.01	PredInterval	15	96.42058165548099	5000
0.8	0.01	CalPred	16	94.78260869565217	50000
0.8	0.01	PredInterval	16	99.34782608695653	50000
0.8	0.01	CalPred	16	92.65306122448979	5000
0.8	0.01	PredInterval	16	99.18367346938776	5000
0.8	0.01	CalPred	17	95.06437768240343	50000
0.8	0.01	PredInterval	17	99.14163090128756	50000
0.8	0.01	CalPred	17	92.84210526315789	5000
0.8	0.01	PredInterval	17	97.47368421052632	5000
0.8	0.01	CalPred	18	94.5945945945946	50000
0.8	0.01	PredInterval	18	99.61389961389962	50000
0.8	0.01	CalPred	18	90.92526690391459	5000
0.8	0.01	PredInterval	18	93.41637010676158	5000
0.8	0.01	CalPred	19	93.09664694280079	50000
0.8	0.01	PredInterval	19	100.0	50000
0.8	0.01	CalPred	19	94.8	5000
0.8	0.01	PredInterval	19	99.8	5000
0.8	0.01	CalPred	20	93.812375249501	50000
0.8	0.01	PredInterval	20	100.0	50000
0.8	0.01	CalPred	20	91.00877192982456	5000
0.8	0.01	PredInterval	20	100.0	5000
0.8	0.01	CalPred	21	93.51851851851852	50000
0.8	0.01	PredInterval	21	100.0	50000
0.8	0.01	CalPred	21	88.4469696969697	5000
0.8	0.01	PredInterval	21	97.91666666666666	5000
0.8	0.01	CalPred	22	92.79661016949152	50000
0.8	0.01	PredInterval	22	98.72881355932203	50000
0.8	0.01	CalPred	22	91.07505070993915	5000
0.8	0.01	PredInterval	22	93.10344827586206	5000
0.8	0.01	CalPred	23	94.45544554455445	50000
0.8	0.01	PredInterval	23	100.0	50000
0.8	0.01	CalPred	23	92.16494845360825	5000
0.8	0.01	PredInterval	23	100.0	5000
0.8	0.01	CalPred	24	94.42379182156134	50000
0.8	0.01	PredInterval	24	100.0	50000
0.8	0.01	CalPred	24	93.21100917431193	5000
0.8	0.01	PredInterval	24	99.81651376146789	5000
0.8	0.01	CalPred	25	91.991341991342	50000
0.8	0.01	PredInterval	25	98.91774891774891	50000
0.8	0.01	CalPred	25	91.84100418410041	5000
0.8	0.01	PredInterval	25	94.56066945606695	5000
0.8	0.01	CalPred	26	94.16498993963782	50000
0.8	0.01	PredInterval	26	100.0	50000
0.8	0.01	CalPred	26	89.2	5000
0.8	0.01	PredInterval	26	99.2	5000
0.8	0.01	CalPred	27	92.54658385093167	50000
0.8	0.01	PredInterval	27	98.75776397515527	50000
0.8	0.01	CalPred	27	89.42486085343229	5000
0.8	0.01	PredInterval	27	95.73283858998145	5000
0.8	0.01	CalPred	28	93.1237721021611	50000
0.8	0.01	PredInterval	28	100.0	50000
0.8	0.01	CalPred	28	92.33449477351915	5000
0.8	0.01	PredInterval	28	95.64459930313589	5000
0.8	0.01	CalPred	29	95.76923076923077	50000
0.8	0.01	PredInterval	29	99.23076923076923	50000
0.8	0.01	CalPred	29	89.69465648854961	5000
0.8	0.01	PredInterval	29	100.0	5000
0.8	0.1	CalPred	0	92.98969072164948	50000
0.8	0.1	PredInterval	0	99.79381443298969	50000
0.8	0.1	CalPred	0	88.91454965357968	5000
0.8	0.1	PredInterval	0	98.84526558891456	5000
0.8	0.1	CalPred	1	93.96378269617706	50000
0.8	0.1	PredInterval	1	99.3963782696177	50000
0.8	0.1	CalPred	1	90.45801526717557	5000
0.8	0.1	PredInterval	1	95.0381679389313	5000
0.8	0.1	CalPred	2	92.74193548387096	50000
0.8	0.1	PredInterval	2	99.59677419354838	50000
0.8	0.1	CalPred	2	90.32258064516128	5000
0.8	0.1	PredInterval	2	100.0	5000
0.8	0.1	CalPred	3	92.0	50000
0.8	0.1	PredInterval	3	100.0	50000
0.8	0.1	CalPred	3	88.77551020408163	5000
0.8	0.1	PredInterval	3	97.55102040816327	5000
0.8	0.1	CalPred	4	95.12635379061372	50000
0.8	0.1	PredInterval	4	99.27797833935018	50000
0.8	0.1	CalPred	4	92.05776173285199	5000
0.8	0.1	PredInterval	4	96.028880866426	5000
0.8	0.1	CalPred	5	92.41516966067864	50000
0.8	0.1	PredInterval	5	98.60279441117764	50000
0.8	0.1	CalPred	5	86.652977412731	5000
0.8	0.1	PredInterval	5	91.37577002053389	5000
0.8	0.1	CalPred	6	91.57088122605363	50000
0.8	0.1	PredInterval	6	97.12643678160919	50000
0.8	0.1	CalPred	6	91.77852348993288	5000
0.8	0.1	PredInterval	6	92.11409395973155	5000
0.8	0.1	CalPred	7	94.5179584120983	50000
0.8	0.1	PredInterval	7	99.8109640831758	50000
0.8	0.1	CalPred	7	92.12121212121212	5000
0.8	0.1	PredInterval	7	98.58585858585859	5000
0.8	0.1	CalPred	8	90.3688524590164	50000
0.8	0.1	PredInterval	8	100.0	50000
0.8	0.1	CalPred	8	87.1939736346516	5000
0.8	0.1	PredInterval	8	100.0	5000
0.8	0.1	CalPred	9	93.94572025052193	50000
0.8	0.1	PredInterval	9	100.0	50000
0.8	0.1	CalPred	9	92.04301075268818	5000
0.8	0.1	PredInterval	9	100.0	5000
0.8	0.1	CalPred	10	95.56451612903226	50000
0.8	0.1	PredInterval	10	100.0	50000
0.8	0.1	CalPred	10	90.11857707509881	5000
0.8	0.1	PredInterval	10	100.0	5000
0.8	0.1	CalPred	11	93.12839059674502	50000
0.8	0.1	PredInterval	11	98.55334538878843	50000
0.8	0.1	CalPred	11	89.92673992673993	5000
0.8	0.1	PredInterval	11	91.75824175824175	5000
0.8	0.1	CalPred	12	92.91338582677166	50000
0.8	0.1	PredInterval	12	100.0	50000
0.8	0.1	CalPred	12	92.56360078277886	5000
0.8	0.1	PredInterval	12	100.0	5000
0.8	0.1	CalPred	13	93.47368421052632	50000
0.8	0.1	PredInterval	13	99.1578947368421	50000
0.8	0.1	CalPred	13	87.99171842650104	5000
0.8	0.1	PredInterval	13	92.7536231884058	5000
0.8	0.1	CalPred	14	92.13893967093236	50000
0.8	0.1	PredInterval	14	98.17184643510055	50000
0.8	0.1	CalPred	14	90.31078610603291	5000
0.8	0.1	PredInterval	14	100.0	5000
0.8	0.1	CalPred	15	94.65811965811966	50000
0.8	0.1	PredInterval	15	99.57264957264957	50000
0.8	0.1	CalPred	15	91.42857142857143	5000
0.8	0.1	PredInterval	15	100.0	5000
0.8	0.1	CalPred	16	94.10609037328095	50000
0.8	0.1	PredInterval	16	99.60707269155206	50000
0.8	0.1	CalPred	16	92.73504273504274	5000
0.8	0.1	PredInterval	16	96.58119658119658	5000
0.8	0.1	CalPred	17	92.38900634249472	50000
0.8	0.1	PredInterval	17	99.78858350951374	50000
0.8	0.1	CalPred	17	90.2127659574468	5000
0.8	0.1	PredInterval	17	99.36170212765958	5000
0.8	0.1	CalPred	18	93.42105263157895	50000
0.8	0.1	PredInterval	18	99.62406015037594	50000
0.8	0.1	CalPred	18	94.23791821561338	5000
0.8	0.1	PredInterval	18	97.76951672862454	5000
0.8	0.1	CalPred	19	94.65346534653465	50000
0.8	0.1	PredInterval	19	99.8019801980198	50000
0.8	0.1	CalPred	19	91.95171026156942	5000
0.8	0.1	PredInterval	19	96.17706237424547	5000
0.8	0.1	CalPred	20	93.51464435146444	50000
0.8	0.1	PredInterval	20	99.16317991631799	50000
0.8	0.1	CalPred	20	87.58465011286681	5000
0.8	0.1	PredInterval	20	93.22799097065463	5000
0.8	0.1	CalPred	21	92.21556886227546	50000
0.8	0.1	PredInterval	21	99.8003992015968	50000
0.8	0.1	CalPred	21	88.15261044176707	5000
0.8	0.1	PredInterval	21	100.0	5000
0.8	0.1	CalPred	22	92.39373601789708	50000
0.8	0.1	PredInterval	22	99.10514541387025	50000
0.8	0.1	CalPred	22	88.8646288209607	5000
0.8	0.1	PredInterval	22	93.88646288209607	5000
0.8	0.1	CalPred	23	93.1237721021611	50000
0.8	0.1	PredInterval	23	100.0	50000
0.8	0.1	CalPred	23	88.41121495327103	5000
0.8	0.1	PredInterval	23	92.14953271028037	5000
0.8	0.1	CalPred	24	93.67588932806325	50000
0.8	0.1	PredInterval	24	100.0	50000
0.8	0.1	CalPred	24	89.90825688073394	5000
0.8	0.1	PredInterval	24	100.0	5000
0.8	0.1	CalPred	25	92.6441351888668	50000
0.8	0.1	PredInterval	25	100.0	50000
0.8	0.1	CalPred	25	91.15384615384615	5000
0.8	0.1	PredInterval	25	99.8076923076923	5000
0.8	0.1	CalPred	26	93.29268292682927	50000
0.8	0.1	PredInterval	26	100.0	50000
0.8	0.1	CalPred	26	88.18737270875764	5000
0.8	0.1	PredInterval	26	100.0	5000
0.8	0.1	CalPred	27	92.4	50000
0.8	0.1	PredInterval	27	99.0	50000
0.8	0.1	CalPred	27	90.85365853658537	5000
0.8	0.1	PredInterval	27	91.46341463414635	5000
0.8	0.1	CalPred	28	93.49904397705545	50000
0.8	0.1	PredInterval	28	100.0	50000
0.8	0.1	CalPred	28	93.0841121495327	5000
0.8	0.1	PredInterval	28	98.69158878504672	5000
0.8	0.1	CalPred	29	93.23144104803494	50000
0.8	0.1	PredInterval	29	99.12663755458514	50000
0.8	0.1	CalPred	29	89.76377952755905	5000
0.8	0.1	PredInterval	29	94.68503937007874	5000
0.8	1.0	CalPred	0	94.74708171206225	50000
0.8	1.0	PredInterval	0	99.22178988326849	50000
0.8	1.0	CalPred	0	89.738430583501	5000
0.8	1.0	PredInterval	0	94.76861167002012	5000
0.8	1.0	CalPred	1	91.7960088691796	50000
0.8	1.0	PredInterval	1	99.55654101995566	50000
0.8	1.0	CalPred	1	89.47368421052632	5000
0.8	1.0	PredInterval	1	98.78542510121457	5000
0.8	1.0	CalPred	2	92.14876033057851	50000
0.8	1.0	PredInterval	2	99.79338842975206	50000
0.8	1.0	CalPred	2	90.30418250950571	5000
0.8	1.0	PredInterval	2	100.0	5000
0.8	1.0	CalPred	3	91.9831223628692	50000
0.8	1.0	PredInterval	3	100.0	50000
0.8	1.0	CalPred	3	90.06211180124224	5000
0.8	1.0	PredInterval	3	94.40993788819875	5000
0.8	1.0	CalPred	4	93.45238095238095	50000
0.8	1.0	PredInterval	4	100.0	50000
0.8	1.0	CalPred	4	92.51559251559252	5000
0.8	1.0	PredInterval	4	96.67359667359668	5000
0.8	1.0	CalPred	5	93.21428571428572	50000
0.8	1.0	PredInterval	5	99.82142857142857	50000
0.8	1.0	CalPred	5	88.59060402684564	5000
0.8	1.0	PredInterval	5	99.66442953020133	5000
0.8	1.0	CalPred	6	90.71274298056156	50000
0.8	1.0	PredInterval	6	98.70410367170626	50000
0.8	1.0	CalPred	6	88.53754940711462	5000
0.8	1.0	PredInterval	6	91.89723320158103	5000
0.8	1.0	CalPred	7	92.9384965831435	50000
0.8	1.0	PredInterval	7	100.0	50000
0.8	1.0	CalPred	7	89.80044345898004	5000
0.8	1.0	PredInterval	7	97.11751662971176	5000
0.8	1.0	CalPred	8	93.04703476482618	50000
0.8	1.0	PredInterval	8	99.59100204498978	50000
0.8	1.0	CalPred	8	87.38532110091744	5000
0.8	1.0	PredInterval	8	100.0	5000
0.8	1.0	CalPred	9	92.48554913294798	50000
0.8	1.0	PredInterval	9	99.42196531791907	50000
0.8	1.0	CalPred	9	91.50197628458498	5000
0.8	1.0	PredInterval	9	99.40711462450594	5000
0.8	1.0	CalPred	10	89.73799126637554	50000
0.8	1.0	PredInterval	10	99.34497816593887	50000
0.8	1.0	CalPred	10	90.02079002079002	5000
0.8	1.0	PredInterval	10	96.04989604989605	5000
0.8	1.0	CalPred	11	94.54191033138402	50000
0.8	1.0	PredInterval	11	98.83040935672514	50000
0.8	1.0	CalPred	11	87.5	5000
0.8	1.0	PredInterval	11	90.35714285714286	5000
0.8	1.0	CalPred	12	93.13929313929314	50000
0.8	1.0	PredInterval	12	100.0	50000
0.8	1.0	CalPred	12	93.71069182389937	5000
0.8	1.0	PredInterval	12	100.0	5000
0.8	1.0	CalPred	13	94.84536082474226	50000
0.8	1.0	PredInterval	13	99.38144329896907	50000
0.8	1.0	CalPred	13	89.12579957356077	5000
0.8	1.0	PredInterval	13	95.52238805970148	5000
0.8	1.0	CalPred	14	93.39805825242719	50000
0.8	1.0	PredInterval	14	99.22330097087378	50000
0.8	1.0	CalPred	14	91.52173913043478	5000
0.8	1.0	PredInterval	14	99.56521739130434	5000
0.8	1.0	CalPred	15	93.6842105263158	50000
0.8	1.0	PredInterval	15	99.78947368421053	50000
0.8	1.0	CalPred	15	91.3135593220339	5000
0.8	1.0	PredInterval	15	100.0	5000
0.8	1.0	CalPred	16	93.01397205588823	50000
0.8	1.0	PredInterval	16	99.8003992015968	50000
0.8	1.0	CalPred	16	92.5925925925926	5000
0.8	1.0	PredInterval	16	93.4640522875817	5000
0.8	1.0	CalPred	17	93.42915811088297	50000
0.8	1.0	PredInterval	17	99.58932238193019	50000
0.8	1.0	CalPred	17	90.83333333333333	5000
0.8	1.0	PredInterval	17	95.20833333333333	5000
0.8	1.0	CalPred	18	93.53049907578558	50000
0.8	1.0	PredInterval	18	100.0	50000
0.8	1.0	CalPred	18	88.10916179337231	5000
0.8	1.0	PredInterval	18	99.41520467836257	5000
0.8	1.0	CalPred	19	91.94499017681729	50000
0.8	1.0	PredInterval	19	99.60707269155206	50000
0.8	1.0	CalPred	19	94.90566037735849	5000
0.8	1.0	PredInterval	19	95.66037735849056	5000
0.8	1.0	CalPred	20	94.47619047619048	50000
0.8	1.0	PredInterval	20	99.42857142857143	50000
0.8	1.0	CalPred	20	88.84381338742394	5000
0.8	1.0	PredInterval	20	97.3630831643002	5000
0.8	1.0	CalPred	21	93.11023622047244	50000
0.8	1.0	PredInterval	21	98.81889763779527	50000
0.8	1.0	CalPred	21	92.43353783231085	5000
0.8	1.0	PredInterval	21	95.29652351738241	5000
0.8	1.0	CalPred	22	94.40993788819875	50000
0.8	1.0	PredInterval	22	99.58592132505176	50000
0.8	1.0	CalPred	22	92.18106995884774	5000
0.8	1.0	PredInterval	22	92.5925925925926	5000
0.8	1.0	CalPred	23	90.98532494758909	50000
0.8	1.0	PredInterval	23	99.79035639412997	50000
0.8	1.0	CalPred	23	86.56716417910447	5000
0.8	1.0	PredInterval	23	98.29424307036247	5000
0.8	1.0	CalPred	24	92.67399267399267	50000
0.8	1.0	PredInterval	24	100.0	50000
0.8	1.0	CalPred	24	92.17081850533808	5000
0.8	1.0	PredInterval	24	100.0	5000
0.8	1.0	CalPred	25	94.54545454545455	50000
0.8	1.0	PredInterval	25	100.0	50000
0.8	1.0	CalPred	25	88.4	5000
0.8	1.0	PredInterval	25	93.0	5000
0.8	1.0	CalPred	26	93.62101313320825	50000
0.8	1.0	PredInterval	26	99.812382739212	50000
0.8	1.0	CalPred	26	87.16981132075472	5000
0.8	1.0	PredInterval	26	99.05660377358491	5000
0.8	1.0	CalPred	27	91.56626506024097	50000
0.8	1.0	PredInterval	27	99.3975903614458	50000
0.8	1.0	CalPred	27	92.13709677419355	5000
0.8	1.0	PredInterval	27	94.35483870967742	5000
0.8	1.0	CalPred	28	92.4901185770751	50000
0.8	1.0	PredInterval	28	100.0	50000
0.8	1.0	CalPred	28	93.9622641509434	5000
0.8	1.0	PredInterval	28	99.62264150943396	5000
0.8	1.0	CalPred	29	92.78350515463917	50000
0.8	1.0	PredInterval	29	98.96907216494846	50000
0.8	1.0	CalPred	29	86.76171079429736	5000
0.8	1.0	PredInterval	29	91.85336048879837	5000
