0	PredInterval_marginal	0	1.3939210313944896
0	PredInterval_marginal	1	1.1594251452393665
0	PredInterval_marginal	2	1.328361499896196
0	PredInterval_marginal	3	1.2336047173872735
0	PredInterval_marginal	4	1.2845397683667543
0	PredInterval_marginal	5	1.1516086255585003
0	PredInterval_marginal	6	1.109984758520968
0	PredInterval_marginal	7	1.1474106468278402
0	PredInterval_marginal	8	1.1624800520268916
0	PredInterval_marginal	9	1.2174355640529466
0	PredInterval_marginal	10	1.1688044896793548
0	PredInterval_marginal	11	1.7045178033811927
0	PredInterval_marginal	12	1.1768337148546966
0	PredInterval_marginal	13	1.209875128463531
0	PredInterval_marginal	14	1.1342580051329874
0	PredInterval_marginal	15	1.1286305083945083
0	PredInterval_marginal	16	1.1940302472501263
0	PredInterval_marginal	17	1.120175387727132
0	PredInterval_marginal	18	1.1425672567617686
0	PredInterval_marginal	19	1.1084797215143327
0	PredInterval_marginal	20	1.150352548131901
0	PredInterval_marginal	21	1.0998801332237893
0	PredInterval_marginal	22	1.1301301065220868
0	PredInterval_marginal	23	1.1317853208953326
0	PredInterval_marginal	24	1.271754585479056
0	PredInterval_marginal	25	1.1507008039365778
0	PredInterval_marginal	26	1.1326567488763488
0	PredInterval_marginal	27	1.2224488121934467
0	PredInterval_marginal	28	1.135624851675943
0	PredInterval_marginal	29	1.1204693106267358
0	PredInterval_quant_q_0	0	1.39443587036032
0	PredInterval_quant_q_0	1	1.1596163489312288
0	PredInterval_quant_q_0	2	1.3278887949460012
0	PredInterval_quant_q_0	3	1.2347405775040232
0	PredInterval_quant_q_0	4	1.2848284701615142
0	PredInterval_quant_q_0	5	1.1522808011257464
0	PredInterval_quant_q_0	6	1.1106084570686223
0	PredInterval_quant_q_0	7	1.1473999563738484
0	PredInterval_quant_q_0	8	1.1626666606770777
0	PredInterval_quant_q_0	9	1.2170707433131094
0	PredInterval_quant_q_0	10	1.1691962571289154
0	PredInterval_quant_q_0	11	1.7043780835018092
0	PredInterval_quant_q_0	12	1.1753499327814123
0	PredInterval_quant_q_0	13	1.2093208421157815
0	PredInterval_quant_q_0	14	1.1351480139584469
0	PredInterval_quant_q_0	15	1.1281711724316974
0	PredInterval_quant_q_0	16	1.194541233234666
0	PredInterval_quant_q_0	17	1.1205431145526163
0	PredInterval_quant_q_0	18	1.1425090884476146
0	PredInterval_quant_q_0	19	1.1098339705249811
0	PredInterval_quant_q_0	20	1.1512074953720275
0	PredInterval_quant_q_0	21	1.099433477703741
0	PredInterval_quant_q_0	22	1.129373836403529
0	PredInterval_quant_q_0	23	1.1316683484616972
0	PredInterval_quant_q_0	24	1.2716261854727329
0	PredInterval_quant_q_0	25	1.1512238819346037
0	PredInterval_quant_q_0	26	1.132401899135953
0	PredInterval_quant_q_0	27	1.2224943053663415
0	PredInterval_quant_q_0	28	1.1340302842971914
0	PredInterval_quant_q_0	29	1.1200607002446252
0	PredInterval_quant_q_9	0	1.3943686151128445
0	PredInterval_quant_q_9	1	1.1599239459123152
0	PredInterval_quant_q_9	2	1.327411773381379
0	PredInterval_quant_q_9	3	1.2341578165539726
0	PredInterval_quant_q_9	4	1.284951169137863
0	PredInterval_quant_q_9	5	1.1505838871129022
0	PredInterval_quant_q_9	6	1.1108397767637197
0	PredInterval_quant_q_9	7	1.147988166713427
0	PredInterval_quant_q_9	8	1.1630155236761195
0	PredInterval_quant_q_9	9	1.2182706663809095
0	PredInterval_quant_q_9	10	1.168653798755617
0	PredInterval_quant_q_9	11	1.7045518591595576
0	PredInterval_quant_q_9	12	1.177529493087019
0	PredInterval_quant_q_9	13	1.2098689039535162
0	PredInterval_quant_q_9	14	1.134073311257043
0	PredInterval_quant_q_9	15	1.1282316789347968
0	PredInterval_quant_q_9	16	1.1938204243163382
0	PredInterval_quant_q_9	17	1.1199191537905449
0	PredInterval_quant_q_9	18	1.1422216957639526
0	PredInterval_quant_q_9	19	1.108502203215694
0	PredInterval_quant_q_9	20	1.1503110616016496
0	PredInterval_quant_q_9	21	1.099898415137874
0	PredInterval_quant_q_9	22	1.1297747068337176
0	PredInterval_quant_q_9	23	1.1331902809298902
0	PredInterval_quant_q_9	24	1.2716130259540566
0	PredInterval_quant_q_9	25	1.1514171462697258
0	PredInterval_quant_q_9	26	1.1337773198670955
0	PredInterval_quant_q_9	27	1.2225264489841705
0	PredInterval_quant_q_9	28	1.1361297764432146
0	PredInterval_quant_q_9	29	1.119903192099614
0	CalPred_marginal	0	0.8296973716368168
0	CalPred_marginal	1	0.8312410575419755
0	CalPred_marginal	2	0.8233507273398867
0	CalPred_marginal	3	0.829224740987521
0	CalPred_marginal	4	0.832687267851321
0	CalPred_marginal	5	0.8401456266309022
0	CalPred_marginal	6	0.8316786423241305
0	CalPred_marginal	7	0.831290775441115
0	CalPred_marginal	8	0.8272727305046181
0	CalPred_marginal	9	0.8377753424630293
0	CalPred_marginal	10	0.8343495376662752
0	CalPred_marginal	11	0.8377230057490087
0	CalPred_marginal	12	0.8327836954000736
0	CalPred_marginal	13	0.8400640697356845
0	CalPred_marginal	14	0.8354234983593857
0	CalPred_marginal	15	0.8333685474598591
0	CalPred_marginal	16	0.8415916665897328
0	CalPred_marginal	17	0.8413289177460455
0	CalPred_marginal	18	0.8327469623909374
0	CalPred_marginal	19	0.8305741307970704
0	CalPred_marginal	20	0.8407760396366608
0	CalPred_marginal	21	0.8352086229234955
0	CalPred_marginal	22	0.8213813900505211
0	CalPred_marginal	23	0.8341433587523256
0	CalPred_marginal	24	0.8362800487546199
0	CalPred_marginal	25	0.8277276174782484
0	CalPred_marginal	26	0.8355908030184932
0	CalPred_marginal	27	0.83742578293967
0	CalPred_marginal	28	0.830549620095261
0	CalPred_marginal	29	0.8296250701680661
0	CalPred_quant_q_0	0	0.8273024828723013
0	CalPred_quant_q_0	1	0.8141205187183107
0	CalPred_quant_q_0	2	0.8305707400543493
0	CalPred_quant_q_0	3	0.8251263408562712
0	CalPred_quant_q_0	4	0.8285862984235657
0	CalPred_quant_q_0	5	0.8621852247852293
0	CalPred_quant_q_0	6	0.8477044390471156
0	CalPred_quant_q_0	7	0.8372651283734304
0	CalPred_quant_q_0	8	0.844371302650694
0	CalPred_quant_q_0	9	0.8379619980293049
0	CalPred_quant_q_0	10	0.8387801973687504
0	CalPred_quant_q_0	11	0.849687595682597
0	CalPred_quant_q_0	12	0.8463996655861888
0	CalPred_quant_q_0	13	0.8227333792322045
0	CalPred_quant_q_0	14	0.8456940792720777
0	CalPred_quant_q_0	15	0.8438560945213646
0	CalPred_quant_q_0	16	0.8413266171257343
0	CalPred_quant_q_0	17	0.8265767721764845
0	CalPred_quant_q_0	18	0.8414853481105602
0	CalPred_quant_q_0	19	0.8355430834330924
0	CalPred_quant_q_0	20	0.83179282765257
0	CalPred_quant_q_0	21	0.8360760804233596
0	CalPred_quant_q_0	22	0.8257077305891641
0	CalPred_quant_q_0	23	0.8277844319715506
0	CalPred_quant_q_0	24	0.8205618162398051
0	CalPred_quant_q_0	25	0.8165810760000747
0	CalPred_quant_q_0	26	0.8545094300611638
0	CalPred_quant_q_0	27	0.8307854406113112
0	CalPred_quant_q_0	28	0.8380224540327278
0	CalPred_quant_q_0	29	0.8340133969381902
0	CalPred_quant_q_9	0	0.8387209992296275
0	CalPred_quant_q_9	1	0.8343454368101139
0	CalPred_quant_q_9	2	0.8113995526432931
0	CalPred_quant_q_9	3	0.8015856069265774
0	CalPred_quant_q_9	4	0.8216701946345515
0	CalPred_quant_q_9	5	0.8392165199126981
0	CalPred_quant_q_9	6	0.8146622893313549
0	CalPred_quant_q_9	7	0.8288501957540176
0	CalPred_quant_q_9	8	0.8278077414246178
0	CalPred_quant_q_9	9	0.861233007522627
0	CalPred_quant_q_9	10	0.8209264206301228
0	CalPred_quant_q_9	11	0.8377792959811441
0	CalPred_quant_q_9	12	0.8331190602668834
0	CalPred_quant_q_9	13	0.8361150089238278
0	CalPred_quant_q_9	14	0.8502839602900005
0	CalPred_quant_q_9	15	0.8476321385824618
0	CalPred_quant_q_9	16	0.8346302398608101
0	CalPred_quant_q_9	17	0.8566441917502031
0	CalPred_quant_q_9	18	0.8523040269019863
0	CalPred_quant_q_9	19	0.8349279755311058
0	CalPred_quant_q_9	20	0.8248803850511102
0	CalPred_quant_q_9	21	0.8308258142529547
0	CalPred_quant_q_9	22	0.8096130185655711
0	CalPred_quant_q_9	23	0.8217506568774207
0	CalPred_quant_q_9	24	0.839246086515804
0	CalPred_quant_q_9	25	0.8302936876345625
0	CalPred_quant_q_9	26	0.8186574840049912
0	CalPred_quant_q_9	27	0.8603954935697951
0	CalPred_quant_q_9	28	0.8259275309049148
0	CalPred_quant_q_9	29	0.8255197450488466
2	PredInterval_marginal	0	1.3548706131698007
2	PredInterval_marginal	1	1.1716401503599627
2	PredInterval_marginal	2	1.308571223767955
2	PredInterval_marginal	3	1.2137550272082598
2	PredInterval_marginal	4	1.295286611713822
2	PredInterval_marginal	5	1.1605765825084111
2	PredInterval_marginal	6	1.099448431731466
2	PredInterval_marginal	7	1.1401946589957603
2	PredInterval_marginal	8	1.1605367735013166
2	PredInterval_marginal	9	1.2176078316487946
2	PredInterval_marginal	10	1.1730472178005258
2	PredInterval_marginal	11	1.700872716159071
2	PredInterval_marginal	12	1.1717090809746642
2	PredInterval_marginal	13	1.221374040431598
2	PredInterval_marginal	14	1.1460486056306982
2	PredInterval_marginal	15	1.1193985313051766
2	PredInterval_marginal	16	1.1804544746305703
2	PredInterval_marginal	17	1.1100420292971234
2	PredInterval_marginal	18	1.144030144191495
2	PredInterval_marginal	19	1.1029847675836748
2	PredInterval_marginal	20	1.1554062076528695
2	PredInterval_marginal	21	1.1056881418142384
2	PredInterval_marginal	22	1.129650346217941
2	PredInterval_marginal	23	1.1374008317299884
2	PredInterval_marginal	24	1.2672655473506669
2	PredInterval_marginal	25	1.1527699002855558
2	PredInterval_marginal	26	1.1255576646316068
2	PredInterval_marginal	27	1.2370392772838867
2	PredInterval_marginal	28	1.1432636487595715
2	PredInterval_marginal	29	1.1248856091112729
2	PredInterval_quant_q_0	0	1.355473697123673
2	PredInterval_quant_q_0	1	1.171364588376416
2	PredInterval_quant_q_0	2	1.3082194166685563
2	PredInterval_quant_q_0	3	1.21503736273421
2	PredInterval_quant_q_0	4	1.295610757775134
2	PredInterval_quant_q_0	5	1.1612980149144538
2	PredInterval_quant_q_0	6	1.1001685938398027
2	PredInterval_quant_q_0	7	1.1403086317086772
2	PredInterval_quant_q_0	8	1.1606972742809123
2	PredInterval_quant_q_0	9	1.2170212935731564
2	PredInterval_quant_q_0	10	1.1733351583810812
2	PredInterval_quant_q_0	11	1.700732217538507
2	PredInterval_quant_q_0	12	1.1697134974590109
2	PredInterval_quant_q_0	13	1.2208849749245467
2	PredInterval_quant_q_0	14	1.1468843040787051
2	PredInterval_quant_q_0	15	1.1191181197780171
2	PredInterval_quant_q_0	16	1.1809572596263789
2	PredInterval_quant_q_0	17	1.1106508199361822
2	PredInterval_quant_q_0	18	1.144107669248143
2	PredInterval_quant_q_0	19	1.1044942881670503
2	PredInterval_quant_q_0	20	1.156166781903467
2	PredInterval_quant_q_0	21	1.1054730170639906
2	PredInterval_quant_q_0	22	1.1287031307286215
2	PredInterval_quant_q_0	23	1.137378183339384
2	PredInterval_quant_q_0	24	1.2669611260974885
2	PredInterval_quant_q_0	25	1.1532410554505308
2	PredInterval_quant_q_0	26	1.1254240865179026
2	PredInterval_quant_q_0	27	1.2371457303454128
2	PredInterval_quant_q_0	28	1.142170409545281
2	PredInterval_quant_q_0	29	1.1244897382982575
2	PredInterval_quant_q_9	0	1.3554668328605803
2	PredInterval_quant_q_9	1	1.1720920046593328
2	PredInterval_quant_q_9	2	1.3073819182042592
2	PredInterval_quant_q_9	3	1.2142365411358764
2	PredInterval_quant_q_9	4	1.295360012093936
2	PredInterval_quant_q_9	5	1.159367899955689
2	PredInterval_quant_q_9	6	1.1001884024251902
2	PredInterval_quant_q_9	7	1.1406561095196006
2	PredInterval_quant_q_9	8	1.1607538036676182
2	PredInterval_quant_q_9	9	1.218290997830843
2	PredInterval_quant_q_9	10	1.1731044875772303
2	PredInterval_quant_q_9	11	1.7007972508895133
2	PredInterval_quant_q_9	12	1.1725236733022024
2	PredInterval_quant_q_9	13	1.2213408976734894
2	PredInterval_quant_q_9	14	1.145807554809716
2	PredInterval_quant_q_9	15	1.1192278088651606
2	PredInterval_quant_q_9	16	1.1802206361946592
2	PredInterval_quant_q_9	17	1.1098403948117863
2	PredInterval_quant_q_9	18	1.143667574117366
2	PredInterval_quant_q_9	19	1.103084852748535
2	PredInterval_quant_q_9	20	1.155353239862812
2	PredInterval_quant_q_9	21	1.105690638903634
2	PredInterval_quant_q_9	22	1.1295261095344793
2	PredInterval_quant_q_9	23	1.1388645738408822
2	PredInterval_quant_q_9	24	1.2670108884335314
2	PredInterval_quant_q_9	25	1.1532887748177676
2	PredInterval_quant_q_9	26	1.1262889300842194
2	PredInterval_quant_q_9	27	1.2371804938184472
2	PredInterval_quant_q_9	28	1.1434949628108289
2	PredInterval_quant_q_9	29	1.1242723546738225
2	CalPred_marginal	0	0.8293018010736616
2	CalPred_marginal	1	0.8317753570305267
2	CalPred_marginal	2	0.822833552298048
2	CalPred_marginal	3	0.8291216016537859
2	CalPred_marginal	4	0.8318503654287671
2	CalPred_marginal	5	0.8401168815750485
2	CalPred_marginal	6	0.8316916659823479
2	CalPred_marginal	7	0.831371657404452
2	CalPred_marginal	8	0.8268888639495153
2	CalPred_marginal	9	0.8375594679115699
2	CalPred_marginal	10	0.8350759548037561
2	CalPred_marginal	11	0.836322858977193
2	CalPred_marginal	12	0.8326674228482746
2	CalPred_marginal	13	0.8405939469347824
2	CalPred_marginal	14	0.8357604447214242
2	CalPred_marginal	15	0.8335541151124743
2	CalPred_marginal	16	0.841558974165462
2	CalPred_marginal	17	0.8419567581684226
2	CalPred_marginal	18	0.8329151432280927
2	CalPred_marginal	19	0.8304028201231646
2	CalPred_marginal	20	0.8408278507046271
2	CalPred_marginal	21	0.8355423642473947
2	CalPred_marginal	22	0.8211793667409875
2	CalPred_marginal	23	0.8334621583448607
2	CalPred_marginal	24	0.8366347524880644
2	CalPred_marginal	25	0.827294266823975
2	CalPred_marginal	26	0.835156871049811
2	CalPred_marginal	27	0.8378689684181032
2	CalPred_marginal	28	0.830606602533433
2	CalPred_marginal	29	0.829778109333497
2	CalPred_quant_q_0	0	0.7768330015500003
2	CalPred_quant_q_0	1	0.7666388424813046
2	CalPred_quant_q_0	2	0.7818590183844188
2	CalPred_quant_q_0	3	0.7756137480203776
2	CalPred_quant_q_0	4	0.776238543936767
2	CalPred_quant_q_0	5	0.8094532081503639
2	CalPred_quant_q_0	6	0.7961143039440352
2	CalPred_quant_q_0	7	0.7875220041789204
2	CalPred_quant_q_0	8	0.7942524593477285
2	CalPred_quant_q_0	9	0.7858541186124495
2	CalPred_quant_q_0	10	0.7888376718585846
2	CalPred_quant_q_0	11	0.7963995658648303
2	CalPred_quant_q_0	12	0.7937309612014661
2	CalPred_quant_q_0	13	0.7735566025196227
2	CalPred_quant_q_0	14	0.7941140626738021
2	CalPred_quant_q_0	15	0.7933948511793502
2	CalPred_quant_q_0	16	0.792048499425682
2	CalPred_quant_q_0	17	0.775838149724084
2	CalPred_quant_q_0	18	0.7908261206676541
2	CalPred_quant_q_0	19	0.7837865331505139
2	CalPred_quant_q_0	20	0.780066589110461
2	CalPred_quant_q_0	21	0.7858850574328957
2	CalPred_quant_q_0	22	0.7762236392250077
2	CalPred_quant_q_0	23	0.7770625207435863
2	CalPred_quant_q_0	24	0.771258508671031
2	CalPred_quant_q_0	25	0.7656463664275169
2	CalPred_quant_q_0	26	0.803823991050969
2	CalPred_quant_q_0	27	0.781485624121315
2	CalPred_quant_q_0	28	0.7858846322732431
2	CalPred_quant_q_0	29	0.7829016858229976
2	CalPred_quant_q_9	0	0.8933465719680149
2	CalPred_quant_q_9	1	0.8885134167602788
2	CalPred_quant_q_9	2	0.8658595528629399
2	CalPred_quant_q_9	3	0.8546929204171314
2	CalPred_quant_q_9	4	0.8740893606317057
2	CalPred_quant_q_9	5	0.8933349486217275
2	CalPred_quant_q_9	6	0.867864903791147
2	CalPred_quant_q_9	7	0.8843209618815899
2	CalPred_quant_q_9	8	0.8839863726072548
2	CalPred_quant_q_9	9	0.9170471058095409
2	CalPred_quant_q_9	10	0.872975268148802
2	CalPred_quant_q_9	11	0.8919107319262175
2	CalPred_quant_q_9	12	0.8866761233180945
2	CalPred_quant_q_9	13	0.8919944953841591
2	CalPred_quant_q_9	14	0.9063255256108228
2	CalPred_quant_q_9	15	0.9062596397695258
2	CalPred_quant_q_9	16	0.8884647822967521
2	CalPred_quant_q_9	17	0.9146486846450956
2	CalPred_quant_q_9	18	0.9090019716715864
2	CalPred_quant_q_9	19	0.8897669847883919
2	CalPred_quant_q_9	20	0.8789753592241598
2	CalPred_quant_q_9	21	0.8867609048497246
2	CalPred_quant_q_9	22	0.8634278612041616
2	CalPred_quant_q_9	23	0.8750495007765947
2	CalPred_quant_q_9	24	0.8929675383101854
2	CalPred_quant_q_9	25	0.8838816144507905
2	CalPred_quant_q_9	26	0.8734193437008867
2	CalPred_quant_q_9	27	0.9183198484108906
2	CalPred_quant_q_9	28	0.8792163138415368
2	CalPred_quant_q_9	29	0.8791889405552048
4	PredInterval_marginal	0	1.3839502812644284
4	PredInterval_marginal	1	1.1536636359990913
4	PredInterval_marginal	2	1.321249391589944
4	PredInterval_marginal	3	1.220170615478555
4	PredInterval_marginal	4	1.2808083228756724
4	PredInterval_marginal	5	1.161809827398928
4	PredInterval_marginal	6	1.104549872831189
4	PredInterval_marginal	7	1.140440858560898
4	PredInterval_marginal	8	1.1566708625988509
4	PredInterval_marginal	9	1.216118335104205
4	PredInterval_marginal	10	1.1653671846274598
4	PredInterval_marginal	11	1.7138440008016915
4	PredInterval_marginal	12	1.1724600967541507
4	PredInterval_marginal	13	1.2296076326635066
4	PredInterval_marginal	14	1.13629101078223
4	PredInterval_marginal	15	1.120005401348258
4	PredInterval_marginal	16	1.192386092951668
4	PredInterval_marginal	17	1.107326253013099
4	PredInterval_marginal	18	1.1382399493209074
4	PredInterval_marginal	19	1.1041985554183764
4	PredInterval_marginal	20	1.1506228610387004
4	PredInterval_marginal	21	1.1050901512158542
4	PredInterval_marginal	22	1.1267468793634956
4	PredInterval_marginal	23	1.1271402692530763
4	PredInterval_marginal	24	1.2550176135771562
4	PredInterval_marginal	25	1.158544908855244
4	PredInterval_marginal	26	1.1444886686321678
4	PredInterval_marginal	27	1.2312563152827527
4	PredInterval_marginal	28	1.1294593682196872
4	PredInterval_marginal	29	1.1166907873045049
4	PredInterval_quant_q_0	0	1.3845311990394364
4	PredInterval_quant_q_0	1	1.1532406707350893
4	PredInterval_quant_q_0	2	1.3208207196110302
4	PredInterval_quant_q_0	3	1.2212729080703044
4	PredInterval_quant_q_0	4	1.281098645512277
4	PredInterval_quant_q_0	5	1.162602926780336
4	PredInterval_quant_q_0	6	1.1052565338383742
4	PredInterval_quant_q_0	7	1.1406941230794356
4	PredInterval_quant_q_0	8	1.1566891864363598
4	PredInterval_quant_q_0	9	1.215579264496594
4	PredInterval_quant_q_0	10	1.1659169553198994
4	PredInterval_quant_q_0	11	1.7137841812988688
4	PredInterval_quant_q_0	12	1.1709829151152085
4	PredInterval_quant_q_0	13	1.2293296531214213
4	PredInterval_quant_q_0	14	1.1371795208250666
4	PredInterval_quant_q_0	15	1.119940483026863
4	PredInterval_quant_q_0	16	1.1934246401512258
4	PredInterval_quant_q_0	17	1.108495161850239
4	PredInterval_quant_q_0	18	1.1382547010969366
4	PredInterval_quant_q_0	19	1.1058921652688
4	PredInterval_quant_q_0	20	1.151364078996486
4	PredInterval_quant_q_0	21	1.1049538024477883
4	PredInterval_quant_q_0	22	1.1259133779756183
4	PredInterval_quant_q_0	23	1.1274544716790802
4	PredInterval_quant_q_0	24	1.2550808714312285
4	PredInterval_quant_q_0	25	1.1590386035376756
4	PredInterval_quant_q_0	26	1.1440711064374294
4	PredInterval_quant_q_0	27	1.2310957504712952
4	PredInterval_quant_q_0	28	1.1283567554361114
4	PredInterval_quant_q_0	29	1.1163084947628448
4	PredInterval_quant_q_9	0	1.384657324115983
4	PredInterval_quant_q_9	1	1.1541132125924862
4	PredInterval_quant_q_9	2	1.3201539780342684
4	PredInterval_quant_q_9	3	1.2203233458819704
4	PredInterval_quant_q_9	4	1.2811226866553147
4	PredInterval_quant_q_9	5	1.1606069687103655
4	PredInterval_quant_q_9	6	1.105444031726336
4	PredInterval_quant_q_9	7	1.1409197572169267
4	PredInterval_quant_q_9	8	1.1567751699691642
4	PredInterval_quant_q_9	9	1.2166372522823323
4	PredInterval_quant_q_9	10	1.1656316448158357
4	PredInterval_quant_q_9	11	1.7139073295349596
4	PredInterval_quant_q_9	12	1.173166785419096
4	PredInterval_quant_q_9	13	1.2297002422734924
4	PredInterval_quant_q_9	14	1.136100743038359
4	PredInterval_quant_q_9	15	1.1195977205737089
4	PredInterval_quant_q_9	16	1.192048765092479
4	PredInterval_quant_q_9	17	1.1069398059593143
4	PredInterval_quant_q_9	18	1.1379609136223516
4	PredInterval_quant_q_9	19	1.1042409687697463
4	PredInterval_quant_q_9	20	1.1506057150768978
4	PredInterval_quant_q_9	21	1.1051134445890292
4	PredInterval_quant_q_9	22	1.126631895033027
4	PredInterval_quant_q_9	23	1.12842528974818
4	PredInterval_quant_q_9	24	1.2548724095121513
4	PredInterval_quant_q_9	25	1.159314955455974
4	PredInterval_quant_q_9	26	1.145897067855433
4	PredInterval_quant_q_9	27	1.2313544665521263
4	PredInterval_quant_q_9	28	1.1295228416783571
4	PredInterval_quant_q_9	29	1.1161063250463448
4	CalPred_marginal	0	0.8288212510612298
4	CalPred_marginal	1	0.8315862032601037
4	CalPred_marginal	2	0.8225408023888907
4	CalPred_marginal	3	0.8289233967896853
4	CalPred_marginal	4	0.8308157223328247
4	CalPred_marginal	5	0.8397116863458824
4	CalPred_marginal	6	0.8317058676299158
4	CalPred_marginal	7	0.8317192095960331
4	CalPred_marginal	8	0.8265172605170674
4	CalPred_marginal	9	0.8372085543324757
4	CalPred_marginal	10	0.8347799811305384
4	CalPred_marginal	11	0.8356530066365594
4	CalPred_marginal	12	0.8322835031127784
4	CalPred_marginal	13	0.840629159241303
4	CalPred_marginal	14	0.8364116420959277
4	CalPred_marginal	15	0.8340023625056295
4	CalPred_marginal	16	0.8415612082631032
4	CalPred_marginal	17	0.8422815073645393
4	CalPred_marginal	18	0.8330965999218092
4	CalPred_marginal	19	0.8298497061927115
4	CalPred_marginal	20	0.8409023225154256
4	CalPred_marginal	21	0.8357516771412171
4	CalPred_marginal	22	0.8212743779790035
4	CalPred_marginal	23	0.8331728809819821
4	CalPred_marginal	24	0.8366498877803286
4	CalPred_marginal	25	0.8272159256877445
4	CalPred_marginal	26	0.8346373090912619
4	CalPred_marginal	27	0.8381714707935022
4	CalPred_marginal	28	0.830244504379605
4	CalPred_marginal	29	0.8294699025093978
4	CalPred_quant_q_0	0	0.7302426694962125
4	CalPred_quant_q_0	1	0.7226111540972537
4	CalPred_quant_q_0	2	0.7360309347149765
4	CalPred_quant_q_0	3	0.7290492091346965
4	CalPred_quant_q_0	4	0.7277824507858242
4	CalPred_quant_q_0	5	0.7602467798851773
4	CalPred_quant_q_0	6	0.7494378664908959
4	CalPred_quant_q_0	7	0.7412177220440319
4	CalPred_quant_q_0	8	0.7483572899831389
4	CalPred_quant_q_0	9	0.7378305248996586
4	CalPred_quant_q_0	10	0.7411798895830687
4	CalPred_quant_q_0	11	0.7492015600909928
4	CalPred_quant_q_0	12	0.7441440778291203
4	CalPred_quant_q_0	13	0.7275331418562967
4	CalPred_quant_q_0	14	0.7472199082687374
4	CalPred_quant_q_0	15	0.748119840959587
4	CalPred_quant_q_0	16	0.7463148673934544
4	CalPred_quant_q_0	17	0.7291635304496558
4	CalPred_quant_q_0	18	0.7445860234494401
4	CalPred_quant_q_0	19	0.737081838838687
4	CalPred_quant_q_0	20	0.7334029897715623
4	CalPred_quant_q_0	21	0.740613580748728
4	CalPred_quant_q_0	22	0.7309480521678898
4	CalPred_quant_q_0	23	0.7316202075417545
4	CalPred_quant_q_0	24	0.7260462652590892
4	CalPred_quant_q_0	25	0.7193883635144024
4	CalPred_quant_q_0	26	0.754843787072085
4	CalPred_quant_q_0	27	0.7368948834679947
4	CalPred_quant_q_0	28	0.7379024314069604
4	CalPred_quant_q_0	29	0.7358575605989424
4	CalPred_quant_q_9	0	0.9522887256256526
4	CalPred_quant_q_9	1	0.9471921274275734
4	CalPred_quant_q_9	2	0.9243948326765798
4	CalPred_quant_q_9	3	0.9127600691688308
4	CalPred_quant_q_9	4	0.9300281971432652
4	CalPred_quant_q_9	5	0.95189882482273
4	CalPred_quant_q_9	6	0.924152545193094
4	CalPred_quant_q_9	7	0.945335308189708
4	CalPred_quant_q_9	8	0.9459367431445952
4	CalPred_quant_q_9	9	0.9766174112808887
4	CalPred_quant_q_9	10	0.9280436643126752
4	CalPred_quant_q_9	11	0.9522453680577772
4	CalPred_quant_q_9	12	0.9448235976464956
4	CalPred_quant_q_9	13	0.9499810918418204
4	CalPred_quant_q_9	14	0.9663420637986482
4	CalPred_quant_q_9	15	0.9692493742888452
4	CalPred_quant_q_9	16	0.9475445449512312
4	CalPred_quant_q_9	17	0.9755562143423168
4	CalPred_quant_q_9	18	0.9693238935755892
4	CalPred_quant_q_9	19	0.9488176689490754
4	CalPred_quant_q_9	20	0.93852183494774
4	CalPred_quant_q_9	21	0.9475752326182532
4	CalPred_quant_q_9	22	0.921928309949824
4	CalPred_quant_q_9	23	0.9321000532725052
4	CalPred_quant_q_9	24	0.9511578991361492
4	CalPred_quant_q_9	25	0.940667249402928
4	CalPred_quant_q_9	26	0.931696644596925
4	CalPred_quant_q_9	27	0.9826996536306593
4	CalPred_quant_q_9	28	0.935644275578374
4	CalPred_quant_q_9	29	0.9379381329844086
6	PredInterval_marginal	0	1.3825166946954466
6	PredInterval_marginal	1	1.1411248574071915
6	PredInterval_marginal	2	1.3172757271974498
6	PredInterval_marginal	3	1.2151276298636766
6	PredInterval_marginal	4	1.2638931131797844
6	PredInterval_marginal	5	1.173074876438743
6	PredInterval_marginal	6	1.100836589525075
6	PredInterval_marginal	7	1.144218079596767
6	PredInterval_marginal	8	1.149887302507424
6	PredInterval_marginal	9	1.2148157026245237
6	PredInterval_marginal	10	1.1598727588603894
6	PredInterval_marginal	11	1.6679545255919874
6	PredInterval_marginal	12	1.1704435803929745
6	PredInterval_marginal	13	1.2123140351510933
6	PredInterval_marginal	14	1.1477206786412255
6	PredInterval_marginal	15	1.1221459986838698
6	PredInterval_marginal	16	1.189810108448116
6	PredInterval_marginal	17	1.1079808056267713
6	PredInterval_marginal	18	1.1382746136689348
6	PredInterval_marginal	19	1.11259003787912
6	PredInterval_marginal	20	1.1648684579715352
6	PredInterval_marginal	21	1.1057877946449173
6	PredInterval_marginal	22	1.1373893649472964
6	PredInterval_marginal	23	1.1394175017112196
6	PredInterval_marginal	24	1.2472158671723663
6	PredInterval_marginal	25	1.140185508178972
6	PredInterval_marginal	26	1.1332742738904362
6	PredInterval_marginal	27	1.2438442449092275
6	PredInterval_marginal	28	1.1319298049189084
6	PredInterval_marginal	29	1.1156799347466662
6	PredInterval_quant_q_0	0	1.3832639121793515
6	PredInterval_quant_q_0	1	1.1408550483991604
6	PredInterval_quant_q_0	2	1.3169752575028588
6	PredInterval_quant_q_0	3	1.2163209745708032
6	PredInterval_quant_q_0	4	1.2640728367015457
6	PredInterval_quant_q_0	5	1.1737995214835228
6	PredInterval_quant_q_0	6	1.101354245171638
6	PredInterval_quant_q_0	7	1.1445190373432663
6	PredInterval_quant_q_0	8	1.1499462813583268
6	PredInterval_quant_q_0	9	1.2144464704432676
6	PredInterval_quant_q_0	10	1.160197548144068
6	PredInterval_quant_q_0	11	1.667886798420846
6	PredInterval_quant_q_0	12	1.1686745266241678
6	PredInterval_quant_q_0	13	1.2118313361697837
6	PredInterval_quant_q_0	14	1.1490602286722038
6	PredInterval_quant_q_0	15	1.1218972508908942
6	PredInterval_quant_q_0	16	1.190600655746084
6	PredInterval_quant_q_0	17	1.1086872464341482
6	PredInterval_quant_q_0	18	1.1384394228640926
6	PredInterval_quant_q_0	19	1.1142534929783738
6	PredInterval_quant_q_0	20	1.165380988760239
6	PredInterval_quant_q_0	21	1.1056887336249157
6	PredInterval_quant_q_0	22	1.1365397733757965
6	PredInterval_quant_q_0	23	1.1397928640485655
6	PredInterval_quant_q_0	24	1.247010122245559
6	PredInterval_quant_q_0	25	1.1405981491481392
6	PredInterval_quant_q_0	26	1.1325362536875587
6	PredInterval_quant_q_0	27	1.2439442462395975
6	PredInterval_quant_q_0	28	1.1305624290508465
6	PredInterval_quant_q_0	29	1.1152115960878677
6	PredInterval_quant_q_9	0	1.3830823661221323
6	PredInterval_quant_q_9	1	1.1414726811106997
6	PredInterval_quant_q_9	2	1.31597768714298
6	PredInterval_quant_q_9	3	1.2153440159275533
6	PredInterval_quant_q_9	4	1.2638526009796125
6	PredInterval_quant_q_9	5	1.172218266416074
6	PredInterval_quant_q_9	6	1.1016323240711856
6	PredInterval_quant_q_9	7	1.144617135849065
6	PredInterval_quant_q_9	8	1.1501875646103716
6	PredInterval_quant_q_9	9	1.215452764300656
6	PredInterval_quant_q_9	10	1.159888205537149
6	PredInterval_quant_q_9	11	1.667960187655739
6	PredInterval_quant_q_9	12	1.1709615549232442
6	PredInterval_quant_q_9	13	1.2121583242302894
6	PredInterval_quant_q_9	14	1.1474200957063336
6	PredInterval_quant_q_9	15	1.121542162912419
6	PredInterval_quant_q_9	16	1.1895118571570535
6	PredInterval_quant_q_9	17	1.107322181824459
6	PredInterval_quant_q_9	18	1.1378042183487451
6	PredInterval_quant_q_9	19	1.1126145101977731
6	PredInterval_quant_q_9	20	1.165127016045698
6	PredInterval_quant_q_9	21	1.1057228074451535
6	PredInterval_quant_q_9	22	1.137181221740525
6	PredInterval_quant_q_9	23	1.1406623544796817
6	PredInterval_quant_q_9	24	1.2468766165923677
6	PredInterval_quant_q_9	25	1.1408243320811735
6	PredInterval_quant_q_9	26	1.13443154948134
6	PredInterval_quant_q_9	27	1.2439371544674742
6	PredInterval_quant_q_9	28	1.1323385670555988
6	PredInterval_quant_q_9	29	1.1150468652027266
6	CalPred_marginal	0	0.8288149192260784
6	CalPred_marginal	1	0.8319425148244972
6	CalPred_marginal	2	0.8217154636097231
6	CalPred_marginal	3	0.8289641965613813
6	CalPred_marginal	4	0.8301590757038326
6	CalPred_marginal	5	0.839886049008555
6	CalPred_marginal	6	0.8309419875415175
6	CalPred_marginal	7	0.8322962630661844
6	CalPred_marginal	8	0.8261952701692786
6	CalPred_marginal	9	0.8366206642865524
6	CalPred_marginal	10	0.8353753739413944
6	CalPred_marginal	11	0.8343997442664411
6	CalPred_marginal	12	0.8322137681269615
6	CalPred_marginal	13	0.8409404304213484
6	CalPred_marginal	14	0.8367936775847573
6	CalPred_marginal	15	0.8342244608110947
6	CalPred_marginal	16	0.8417730934793354
6	CalPred_marginal	17	0.8423677937854556
6	CalPred_marginal	18	0.8334032585798897
6	CalPred_marginal	19	0.8291818971863449
6	CalPred_marginal	20	0.8409613142767627
6	CalPred_marginal	21	0.8362827754999597
6	CalPred_marginal	22	0.821290882026098
6	CalPred_marginal	23	0.8325321512337119
6	CalPred_marginal	24	0.8363802416918239
6	CalPred_marginal	25	0.8269921794361722
6	CalPred_marginal	26	0.8339322604857101
6	CalPred_marginal	27	0.838758653322911
6	CalPred_marginal	28	0.8294887362522253
6	CalPred_marginal	29	0.8296106581356375
6	CalPred_quant_q_0	0	0.6880962098832444
6	CalPred_quant_q_0	1	0.6819399670425601
6	CalPred_quant_q_0	2	0.6940361071594487
6	CalPred_quant_q_0	3	0.6873586084887554
6	CalPred_quant_q_0	4	0.684726589646961
6	CalPred_quant_q_0	5	0.7161335966329831
6	CalPred_quant_q_0	6	0.7057873679270272
6	CalPred_quant_q_0	7	0.6992341834300955
6	CalPred_quant_q_0	8	0.7048377496511057
6	CalPred_quant_q_0	9	0.6930446327098505
6	CalPred_quant_q_0	10	0.698623204416056
6	CalPred_quant_q_0	11	0.7048353168258898
6	CalPred_quant_q_0	12	0.6995967245978892
6	CalPred_quant_q_0	13	0.6870150926950673
6	CalPred_quant_q_0	14	0.703378035028757
6	CalPred_quant_q_0	15	0.7058548313316239
6	CalPred_quant_q_0	16	0.7051922350461165
6	CalPred_quant_q_0	17	0.6866969584272985
6	CalPred_quant_q_0	18	0.7026262195508504
6	CalPred_quant_q_0	19	0.6939896177422225
6	CalPred_quant_q_0	20	0.6906570988690071
6	CalPred_quant_q_0	21	0.6986591915077939
6	CalPred_quant_q_0	22	0.689540979203274
6	CalPred_quant_q_0	23	0.6886995772797422
6	CalPred_quant_q_0	24	0.6845940414153706
6	CalPred_quant_q_0	25	0.6770424480711238
6	CalPred_quant_q_0	26	0.7109396306785275
6	CalPred_quant_q_0	27	0.6960104992990067
6	CalPred_quant_q_0	28	0.6936669776753962
6	CalPred_quant_q_0	29	0.6936878556737485
6	CalPred_quant_q_9	0	1.0157167028312637
6	CalPred_quant_q_9	1	1.0110392367514167
6	CalPred_quant_q_9	2	0.9879821686332446
6	CalPred_quant_q_9	3	0.9758513328440248
6	CalPred_quant_q_9	4	0.9911294532738866
6	CalPred_quant_q_9	5	1.0155283375906587
6	CalPred_quant_q_9	6	0.9850603053926348
6	CalPred_quant_q_9	7	1.0112849588448187
6	CalPred_quant_q_9	8	1.0119152750934295
6	CalPred_quant_q_9	9	1.0413154822390784
6	CalPred_quant_q_9	10	0.9888067499022684
6	CalPred_quant_q_9	11	1.016308109856602
6	CalPred_quant_q_9	12	1.0074974188099526
6	CalPred_quant_q_9	13	1.0138014413821397
6	CalPred_quant_q_9	14	1.0312048029871077
6	CalPred_quant_q_9	15	1.037279465950988
6	CalPred_quant_q_9	16	1.0105603817052295
6	CalPred_quant_q_9	17	1.0420960466948106
6	CalPred_quant_q_9	18	1.0339582182635414
6	CalPred_quant_q_9	19	1.010912943621838
6	CalPred_quant_q_9	20	1.0020123472733669
6	CalPred_quant_q_9	21	1.0129653908214968
6	CalPred_quant_q_9	22	0.9843018049073866
6	CalPred_quant_q_9	23	0.9948765025303896
6	CalPred_quant_q_9	24	1.0136596667452975
6	CalPred_quant_q_9	25	1.0031118664579073
6	CalPred_quant_q_9	26	0.9950663197266224
6	CalPred_quant_q_9	27	1.0507423053355394
6	CalPred_quant_q_9	28	0.9961750653033632
6	CalPred_quant_q_9	29	1.000138925592106
8	PredInterval_marginal	0	1.3456976010448052
8	PredInterval_marginal	1	1.1462815353745852
8	PredInterval_marginal	2	1.302112601542555
8	PredInterval_marginal	3	1.215278849749211
8	PredInterval_marginal	4	1.2609765623849676
8	PredInterval_marginal	5	1.176355683092818
8	PredInterval_marginal	6	1.0986784151287756
8	PredInterval_marginal	7	1.1398175100104364
8	PredInterval_marginal	8	1.1423207910160156
8	PredInterval_marginal	9	1.226919624558407
8	PredInterval_marginal	10	1.1343131181636494
8	PredInterval_marginal	11	1.7188342919833064
8	PredInterval_marginal	12	1.1728267098432628
8	PredInterval_marginal	13	1.2228019133077328
8	PredInterval_marginal	14	1.1339879796753434
8	PredInterval_marginal	15	1.119039203846619
8	PredInterval_marginal	16	1.1765398980046358
8	PredInterval_marginal	17	1.1059997046804626
8	PredInterval_marginal	18	1.1449803523985431
8	PredInterval_marginal	19	1.1064892540932598
8	PredInterval_marginal	20	1.1508375850340644
8	PredInterval_marginal	21	1.0982773399877437
8	PredInterval_marginal	22	1.136764302348703
8	PredInterval_marginal	23	1.1418452270683614
8	PredInterval_marginal	24	1.2746103180038169
8	PredInterval_marginal	25	1.148667002668556
8	PredInterval_marginal	26	1.1279957893816972
8	PredInterval_marginal	27	1.2172596334040882
8	PredInterval_marginal	28	1.126738706115064
8	PredInterval_marginal	29	1.126030183466611
8	PredInterval_quant_q_0	0	1.3462613103633374
8	PredInterval_quant_q_0	1	1.1458638506347292
8	PredInterval_quant_q_0	2	1.3017476004293371
8	PredInterval_quant_q_0	3	1.216388190134125
8	PredInterval_quant_q_0	4	1.261370750234864
8	PredInterval_quant_q_0	5	1.1769252668835462
8	PredInterval_quant_q_0	6	1.0991604454702926
8	PredInterval_quant_q_0	7	1.139442230951469
8	PredInterval_quant_q_0	8	1.1421916398010925
8	PredInterval_quant_q_0	9	1.2263083274682582
8	PredInterval_quant_q_0	10	1.1346406429118787
8	PredInterval_quant_q_0	11	1.7188153991494477
8	PredInterval_quant_q_0	12	1.1713892369755443
8	PredInterval_quant_q_0	13	1.2225415371145905
8	PredInterval_quant_q_0	14	1.134814497690548
8	PredInterval_quant_q_0	15	1.1186440775008293
8	PredInterval_quant_q_0	16	1.1770276680028209
8	PredInterval_quant_q_0	17	1.10680286514332
8	PredInterval_quant_q_0	18	1.1450636377310015
8	PredInterval_quant_q_0	19	1.1082936057323018
8	PredInterval_quant_q_0	20	1.151698853647133
8	PredInterval_quant_q_0	21	1.0979718824497495
8	PredInterval_quant_q_0	22	1.135868923962161
8	PredInterval_quant_q_0	23	1.1422145651467626
8	PredInterval_quant_q_0	24	1.2745683945437056
8	PredInterval_quant_q_0	25	1.1488769029644903
8	PredInterval_quant_q_0	26	1.1275426307220642
8	PredInterval_quant_q_0	27	1.2172427665675776
8	PredInterval_quant_q_0	28	1.125704143000987
8	PredInterval_quant_q_0	29	1.1250667691834562
8	PredInterval_quant_q_9	0	1.34636100656098
8	PredInterval_quant_q_9	1	1.1466847802311446
8	PredInterval_quant_q_9	2	1.3009321463873902
8	PredInterval_quant_q_9	3	1.215710531863111
8	PredInterval_quant_q_9	4	1.2609321235957602
8	PredInterval_quant_q_9	5	1.175295909122675
8	PredInterval_quant_q_9	6	1.099443700528841
8	PredInterval_quant_q_9	7	1.1405270757013335
8	PredInterval_quant_q_9	8	1.1425140067146005
8	PredInterval_quant_q_9	9	1.2278717366759897
8	PredInterval_quant_q_9	10	1.134257787733605
8	PredInterval_quant_q_9	11	1.718922772911718
8	PredInterval_quant_q_9	12	1.1736135113658424
8	PredInterval_quant_q_9	13	1.222343620914315
8	PredInterval_quant_q_9	14	1.13384752525652
8	PredInterval_quant_q_9	15	1.118384291977009
8	PredInterval_quant_q_9	16	1.1765068405003567
8	PredInterval_quant_q_9	17	1.1054469355620098
8	PredInterval_quant_q_9	18	1.1445154883179882
8	PredInterval_quant_q_9	19	1.1065577085365992
8	PredInterval_quant_q_9	20	1.1507271711631968
8	PredInterval_quant_q_9	21	1.0982186015440591
8	PredInterval_quant_q_9	22	1.1363634433596357
8	PredInterval_quant_q_9	23	1.143328149801368
8	PredInterval_quant_q_9	24	1.274440212628874
8	PredInterval_quant_q_9	25	1.1491807144582524
8	PredInterval_quant_q_9	26	1.128809622521986
8	PredInterval_quant_q_9	27	1.217364640131371
8	PredInterval_quant_q_9	28	1.1270869327105186
8	PredInterval_quant_q_9	29	1.1254489208053224
8	CalPred_marginal	0	0.8282827816965513
8	CalPred_marginal	1	0.8318218486192022
8	CalPred_marginal	2	0.821056544857596
8	CalPred_marginal	3	0.8286679458489711
8	CalPred_marginal	4	0.8288674242500425
8	CalPred_marginal	5	0.8394136127054389
8	CalPred_marginal	6	0.8305333637463828
8	CalPred_marginal	7	0.8322630153996613
8	CalPred_marginal	8	0.825860975156763
8	CalPred_marginal	9	0.8357398148612075
8	CalPred_marginal	10	0.8348901734995092
8	CalPred_marginal	11	0.8331466657701613
8	CalPred_marginal	12	0.8315864384302261
8	CalPred_marginal	13	0.8411469666061899
8	CalPred_marginal	14	0.8369859848485834
8	CalPred_marginal	15	0.8348642639147164
8	CalPred_marginal	16	0.8413949544090816
8	CalPred_marginal	17	0.8422853227590118
8	CalPred_marginal	18	0.8331664229227399
8	CalPred_marginal	19	0.8284515478762497
8	CalPred_marginal	20	0.8407915287800221
8	CalPred_marginal	21	0.8365593326685997
8	CalPred_marginal	22	0.8213144780596949
8	CalPred_marginal	23	0.8317235748956439
8	CalPred_marginal	24	0.8360193513891035
8	CalPred_marginal	25	0.8268844143645249
8	CalPred_marginal	26	0.8331021770696272
8	CalPred_marginal	27	0.8388848642185883
8	CalPred_marginal	28	0.8290825124987649
8	CalPred_marginal	29	0.8290904252400165
8	CalPred_quant_q_0	0	0.6491522111544017
8	CalPred_quant_q_0	1	0.6457039532064544
8	CalPred_quant_q_0	2	0.655966497654849
8	CalPred_quant_q_0	3	0.6484333678817354
8	CalPred_quant_q_0	4	0.6438533232874877
8	CalPred_quant_q_0	5	0.6752793717297383
8	CalPred_quant_q_0	6	0.6647787150332233
8	CalPred_quant_q_0	7	0.6587827718576725
8	CalPred_quant_q_0	8	0.6661763375723527
8	CalPred_quant_q_0	9	0.6520205829841049
8	CalPred_quant_q_0	10	0.6587270006467916
8	CalPred_quant_q_0	11	0.6639465372078622
8	CalPred_quant_q_0	12	0.6574048602008834
8	CalPred_quant_q_0	13	0.6491238641425607
8	CalPred_quant_q_0	14	0.6631849851773287
8	CalPred_quant_q_0	15	0.6666306598488199
8	CalPred_quant_q_0	16	0.6657136161405132
8	CalPred_quant_q_0	17	0.6470996348305847
8	CalPred_quant_q_0	18	0.6626791505013179
8	CalPred_quant_q_0	19	0.6544262997105978
8	CalPred_quant_q_0	20	0.6503217952280701
8	CalPred_quant_q_0	21	0.6600658516090606
8	CalPred_quant_q_0	22	0.6513502452050663
8	CalPred_quant_q_0	23	0.6509956912469069
8	CalPred_quant_q_0	24	0.6470131802185507
8	CalPred_quant_q_0	25	0.6383123855664761
8	CalPred_quant_q_0	26	0.6707420428837064
8	CalPred_quant_q_0	27	0.6575797773931792
8	CalPred_quant_q_0	28	0.6536611220670261
8	CalPred_quant_q_0	29	0.6551499683044593
8	CalPred_quant_q_9	0	1.0844983232526275
8	CalPred_quant_q_9	1	1.079434575038673
8	CalPred_quant_q_9	2	1.0559947103677365
8	CalPred_quant_q_9	3	1.042761182330415
8	CalPred_quant_q_9	4	1.056585824615642
8	CalPred_quant_q_9	5	1.0833524801033183
8	CalPred_quant_q_9	6	1.0494541553965169
8	CalPred_quant_q_9	7	1.081187006734188
8	CalPred_quant_q_9	8	1.082706584129416
8	CalPred_quant_q_9	9	1.109450236907913
8	CalPred_quant_q_9	10	1.0526569340375709
8	CalPred_quant_q_9	11	1.0845709149769986
8	CalPred_quant_q_9	12	1.0735504541756355
8	CalPred_quant_q_9	13	1.0816586595304534
8	CalPred_quant_q_9	14	1.1017937776436149
8	CalPred_quant_q_9	15	1.1092291240964232
8	CalPred_quant_q_9	16	1.0791296867381546
8	CalPred_quant_q_9	17	1.112977520678778
8	CalPred_quant_q_9	18	1.103229074060232
8	CalPred_quant_q_9	19	1.0781615983172603
8	CalPred_quant_q_9	20	1.0712488666943651
8	CalPred_quant_q_9	21	1.0830832440664633
8	CalPred_quant_q_9	22	1.0520473643390889
8	CalPred_quant_q_9	23	1.060815034389568
8	CalPred_quant_q_9	24	1.080896119143985
8	CalPred_quant_q_9	25	1.0703545638401455
8	CalPred_quant_q_9	26	1.062985549816908
8	CalPred_quant_q_9	27	1.1247030783206184
8	CalPred_quant_q_9	28	1.0615003419129765
8	CalPred_quant_q_9	29	1.0681121312876154
10	PredInterval_marginal	0	1.3070989282455725
10	PredInterval_marginal	1	1.1465081904147385
10	PredInterval_marginal	2	1.3054454223484115
10	PredInterval_marginal	3	1.2047190549623872
10	PredInterval_marginal	4	1.2941069996058334
10	PredInterval_marginal	5	1.1835580065589348
10	PredInterval_marginal	6	1.0911477876265618
10	PredInterval_marginal	7	1.1347347411047937
10	PredInterval_marginal	8	1.1401814860522943
10	PredInterval_marginal	9	1.222376758899438
10	PredInterval_marginal	10	1.1441602228067942
10	PredInterval_marginal	11	1.7279037049368169
10	PredInterval_marginal	12	1.1576458073167035
10	PredInterval_marginal	13	1.2006682137104632
10	PredInterval_marginal	14	1.1391747277727908
10	PredInterval_marginal	15	1.1169585292063775
10	PredInterval_marginal	16	1.1745444961043428
10	PredInterval_marginal	17	1.0942363274472993
10	PredInterval_marginal	18	1.1395129512873765
10	PredInterval_marginal	19	1.097026473781591
10	PredInterval_marginal	20	1.1695608886782094
10	PredInterval_marginal	21	1.107645580163313
10	PredInterval_marginal	22	1.1222819864524398
10	PredInterval_marginal	23	1.1293467055665007
10	PredInterval_marginal	24	1.2469347290503785
10	PredInterval_marginal	25	1.1484869414765275
10	PredInterval_marginal	26	1.1176233896093313
10	PredInterval_marginal	27	1.224929126439687
10	PredInterval_marginal	28	1.1077023903772694
10	PredInterval_marginal	29	1.0974399194556466
10	PredInterval_quant_q_0	0	1.3076956588236543
10	PredInterval_quant_q_0	1	1.1461912392839475
10	PredInterval_quant_q_0	2	1.3050706880217715
10	PredInterval_quant_q_0	3	1.205827304752527
10	PredInterval_quant_q_0	4	1.294529269623584
10	PredInterval_quant_q_0	5	1.1841087060051008
10	PredInterval_quant_q_0	6	1.091576487358221
10	PredInterval_quant_q_0	7	1.134591703870153
10	PredInterval_quant_q_0	8	1.1401025644495233
10	PredInterval_quant_q_0	9	1.221896693612364
10	PredInterval_quant_q_0	10	1.14440294392294
10	PredInterval_quant_q_0	11	1.7279942129395662
10	PredInterval_quant_q_0	12	1.1559382344057567
10	PredInterval_quant_q_0	13	1.200031156961864
10	PredInterval_quant_q_0	14	1.1402311302859227
10	PredInterval_quant_q_0	15	1.1164945323107582
10	PredInterval_quant_q_0	16	1.1751566512142295
10	PredInterval_quant_q_0	17	1.095116810246225
10	PredInterval_quant_q_0	18	1.1397377660557553
10	PredInterval_quant_q_0	19	1.0987397669724557
10	PredInterval_quant_q_0	20	1.170120961212784
10	PredInterval_quant_q_0	21	1.107254546328469
10	PredInterval_quant_q_0	22	1.12134229062403
10	PredInterval_quant_q_0	23	1.1297154129139138
10	PredInterval_quant_q_0	24	1.2469141005390547
10	PredInterval_quant_q_0	25	1.1489087443138724
10	PredInterval_quant_q_0	26	1.1171526984150637
10	PredInterval_quant_q_0	27	1.2245560220504452
10	PredInterval_quant_q_0	28	1.1066093820065672
10	PredInterval_quant_q_0	29	1.0968601394878543
10	PredInterval_quant_q_9	0	1.3077159036597918
10	PredInterval_quant_q_9	1	1.147275811384897
10	PredInterval_quant_q_9	2	1.3041412667114365
10	PredInterval_quant_q_9	3	1.204874384555938
10	PredInterval_quant_q_9	4	1.2942014335077254
10	PredInterval_quant_q_9	5	1.1825707927558406
10	PredInterval_quant_q_9	6	1.0920687233188415
10	PredInterval_quant_q_9	7	1.1355083812115268
10	PredInterval_quant_q_9	8	1.1405331573820567
10	PredInterval_quant_q_9	9	1.2229491487369424
10	PredInterval_quant_q_9	10	1.1441442230727046
10	PredInterval_quant_q_9	11	1.7279116471161875
10	PredInterval_quant_q_9	12	1.1582917322140522
10	PredInterval_quant_q_9	13	1.20076076606727
10	PredInterval_quant_q_9	14	1.1391689507224552
10	PredInterval_quant_q_9	15	1.116551273795744
10	PredInterval_quant_q_9	16	1.174319797731358
10	PredInterval_quant_q_9	17	1.0937474047800817
10	PredInterval_quant_q_9	18	1.1387728174305138
10	PredInterval_quant_q_9	19	1.0972542668654093
10	PredInterval_quant_q_9	20	1.1699323446416283
10	PredInterval_quant_q_9	21	1.1075362810000473
10	PredInterval_quant_q_9	22	1.1220256712185308
10	PredInterval_quant_q_9	23	1.1303028690897
10	PredInterval_quant_q_9	24	1.246852256667334
10	PredInterval_quant_q_9	25	1.1492742020116329
10	PredInterval_quant_q_9	26	1.1186296861390832
10	PredInterval_quant_q_9	27	1.225110964023871
10	PredInterval_quant_q_9	28	1.107801120771305
10	PredInterval_quant_q_9	29	1.0967978681706094
10	CalPred_marginal	0	0.82724139809722
10	CalPred_marginal	1	0.8314642312108639
10	CalPred_marginal	2	0.8199683428973591
10	CalPred_marginal	3	0.8284524531341995
10	CalPred_marginal	4	0.8277307983532682
10	CalPred_marginal	5	0.8390112951586396
10	CalPred_marginal	6	0.8298372278237568
10	CalPred_marginal	7	0.8323866850228938
10	CalPred_marginal	8	0.8253562144895131
10	CalPred_marginal	9	0.835034199785385
10	CalPred_marginal	10	0.8340793237483833
10	CalPred_marginal	11	0.8319024954052208
10	CalPred_marginal	12	0.8308763036553417
10	CalPred_marginal	13	0.8402348532905515
10	CalPred_marginal	14	0.8373914039879886
10	CalPred_marginal	15	0.8345255232788459
10	CalPred_marginal	16	0.8411447036299533
10	CalPred_marginal	17	0.8422068477298941
10	CalPred_marginal	18	0.8326107171429387
10	CalPred_marginal	19	0.8272675938198955
10	CalPred_marginal	20	0.8403354025566127
10	CalPred_marginal	21	0.8362862181386339
10	CalPred_marginal	22	0.8206757982134313
10	CalPred_marginal	23	0.8304943045860584
10	CalPred_marginal	24	0.835467307228473
10	CalPred_marginal	25	0.8257436720552247
10	CalPred_marginal	26	0.8320657827402359
10	CalPred_marginal	27	0.839282860940705
10	CalPred_marginal	28	0.828300308397116
10	CalPred_marginal	29	0.8280544295156249
10	CalPred_quant_q_0	0	0.6131127312538527
10	CalPred_quant_q_0	1	0.6109925501449645
10	CalPred_quant_q_0	2	0.6196400159660104
10	CalPred_quant_q_0	3	0.6142987667014609
10	CalPred_quant_q_0	4	0.6072325874923555
10	CalPred_quant_q_0	5	0.6373606437092952
10	CalPred_quant_q_0	6	0.6283708861297443
10	CalPred_quant_q_0	7	0.6235656966140904
10	CalPred_quant_q_0	8	0.6299076857662127
10	CalPred_quant_q_0	9	0.6161056888570203
10	CalPred_quant_q_0	10	0.6220815534498326
10	CalPred_quant_q_0	11	0.6265498126020063
10	CalPred_quant_q_0	12	0.619708416252854
10	CalPred_quant_q_0	13	0.6134527801498314
10	CalPred_quant_q_0	14	0.6261514658372506
10	CalPred_quant_q_0	15	0.6308869005903074
10	CalPred_quant_q_0	16	0.6307430635021434
10	CalPred_quant_q_0	17	0.6117141040221543
10	CalPred_quant_q_0	18	0.6266912327502796
10	CalPred_quant_q_0	19	0.6184435009783473
10	CalPred_quant_q_0	20	0.6150039483820764
10	CalPred_quant_q_0	21	0.6250301172697426
10	CalPred_quant_q_0	22	0.6155869479783528
10	CalPred_quant_q_0	23	0.6139598594701952
10	CalPred_quant_q_0	24	0.6123740604262617
10	CalPred_quant_q_0	25	0.6022443850125533
10	CalPred_quant_q_0	26	0.6326193148636199
10	CalPred_quant_q_0	27	0.6236653152311069
10	CalPred_quant_q_0	28	0.6163377142955662
10	CalPred_quant_q_0	29	0.6170064352263751
10	CalPred_quant_q_9	0	1.1572654092382653
10	CalPred_quant_q_9	1	1.1522777672285898
10	CalPred_quant_q_9	2	1.1294758153211557
10	CalPred_quant_q_9	3	1.1164495671413763
10	CalPred_quant_q_9	4	1.1266315855154372
10	CalPred_quant_q_9	5	1.1562877034500585
10	CalPred_quant_q_9	6	1.119645854297249
10	CalPred_quant_q_9	7	1.1574742499215276
10	CalPred_quant_q_9	8	1.1598092081764035
10	CalPred_quant_q_9	9	1.1839056288955905
10	CalPred_quant_q_9	10	1.119584416440474
10	CalPred_quant_q_9	11	1.1583578597357844
10	CalPred_quant_q_9	12	1.145267558850534
10	CalPred_quant_q_9	13	1.1528904489886846
10	CalPred_quant_q_9	14	1.1772000473258597
10	CalPred_quant_q_9	15	1.1866255214852268
10	CalPred_quant_q_9	16	1.1523158121283106
10	CalPred_quant_q_9	17	1.1894164777920175
10	CalPred_quant_q_9	18	1.177785711156831
10	CalPred_quant_q_9	19	1.1502275819338326
10	CalPred_quant_q_9	20	1.1431976566757536
10	CalPred_quant_q_9	21	1.1576116557982117
10	CalPred_quant_q_9	22	1.1236533914199716
10	CalPred_quant_q_9	23	1.1319380002973016
10	CalPred_quant_q_9	24	1.1541173314930968
10	CalPred_quant_q_9	25	1.1410250618689988
10	CalPred_quant_q_9	26	1.134948752163314
10	CalPred_quant_q_9	27	1.204139758976649
10	CalPred_quant_q_9	28	1.1315708715166497
10	CalPred_quant_q_9	29	1.13886054812797
12	PredInterval_marginal	0	1.26809975552581
12	PredInterval_marginal	1	1.1539903387572088
12	PredInterval_marginal	2	1.294194768869819
12	PredInterval_marginal	3	1.194293966163131
12	PredInterval_marginal	4	1.247473145449148
12	PredInterval_marginal	5	1.190512984168404
12	PredInterval_marginal	6	1.0920502136724848
12	PredInterval_marginal	7	1.1287146234305143
12	PredInterval_marginal	8	1.1347059797360466
12	PredInterval_marginal	9	1.2134325819459355
12	PredInterval_marginal	10	1.121465423221775
12	PredInterval_marginal	11	1.7267439342152144
12	PredInterval_marginal	12	1.150968874844879
12	PredInterval_marginal	13	1.1954888686471363
12	PredInterval_marginal	14	1.1445872056859117
12	PredInterval_marginal	15	1.1110700940141027
12	PredInterval_marginal	16	1.1806882122059306
12	PredInterval_marginal	17	1.098831883317304
12	PredInterval_marginal	18	1.1402654963082255
12	PredInterval_marginal	19	1.098556684921153
12	PredInterval_marginal	20	1.1530147087884024
12	PredInterval_marginal	21	1.0927833305715728
12	PredInterval_marginal	22	1.1140310905743107
12	PredInterval_marginal	23	1.1238652758744327
12	PredInterval_marginal	24	1.2234936629230977
12	PredInterval_marginal	25	1.1434033900329157
12	PredInterval_marginal	26	1.1100923055106804
12	PredInterval_marginal	27	1.2204964510295102
12	PredInterval_marginal	28	1.1111957915244783
12	PredInterval_marginal	29	1.10417782033553
12	PredInterval_quant_q_0	0	1.2688711952368092
12	PredInterval_quant_q_0	1	1.1536815467812092
12	PredInterval_quant_q_0	2	1.2938069274958066
12	PredInterval_quant_q_0	3	1.1953339784485937
12	PredInterval_quant_q_0	4	1.2479504646073865
12	PredInterval_quant_q_0	5	1.1909557611041537
12	PredInterval_quant_q_0	6	1.092246613863649
12	PredInterval_quant_q_0	7	1.1289612594074525
12	PredInterval_quant_q_0	8	1.134754325443497
12	PredInterval_quant_q_0	9	1.2128715813767346
12	PredInterval_quant_q_0	10	1.1219816648283931
12	PredInterval_quant_q_0	11	1.726825223246204
12	PredInterval_quant_q_0	12	1.14936009225605
12	PredInterval_quant_q_0	13	1.195018408585118
12	PredInterval_quant_q_0	14	1.145506270746515
12	PredInterval_quant_q_0	15	1.1104776374938143
12	PredInterval_quant_q_0	16	1.1814157687369036
12	PredInterval_quant_q_0	17	1.0996727085784943
12	PredInterval_quant_q_0	18	1.140650760478847
12	PredInterval_quant_q_0	19	1.1003058105189
12	PredInterval_quant_q_0	20	1.1535978968064728
12	PredInterval_quant_q_0	21	1.092671808330615
12	PredInterval_quant_q_0	22	1.1130882437251102
12	PredInterval_quant_q_0	23	1.124432537692795
12	PredInterval_quant_q_0	24	1.2234744426484463
12	PredInterval_quant_q_0	25	1.1435323411398215
12	PredInterval_quant_q_0	26	1.109264500028689
12	PredInterval_quant_q_0	27	1.2204246713568092
12	PredInterval_quant_q_0	28	1.1099718712313815
12	PredInterval_quant_q_0	29	1.1034691575822564
12	PredInterval_quant_q_9	0	1.2684935725266016
12	PredInterval_quant_q_9	1	1.1547255553159257
12	PredInterval_quant_q_9	2	1.2928943556759611
12	PredInterval_quant_q_9	3	1.1945928766049791
12	PredInterval_quant_q_9	4	1.2472784272730022
12	PredInterval_quant_q_9	5	1.189605845781554
12	PredInterval_quant_q_9	6	1.0929550708884863
12	PredInterval_quant_q_9	7	1.1289686184492391
12	PredInterval_quant_q_9	8	1.1351959298445349
12	PredInterval_quant_q_9	9	1.214063537573438
12	PredInterval_quant_q_9	10	1.1216867696380437
12	PredInterval_quant_q_9	11	1.7267533033077682
12	PredInterval_quant_q_9	12	1.1518658250498053
12	PredInterval_quant_q_9	13	1.1953818749250875
12	PredInterval_quant_q_9	14	1.144634797376416
12	PredInterval_quant_q_9	15	1.1100006740050887
12	PredInterval_quant_q_9	16	1.1802660071509727
12	PredInterval_quant_q_9	17	1.098038015971626
12	PredInterval_quant_q_9	18	1.1397912297902313
12	PredInterval_quant_q_9	19	1.0987779300991063
12	PredInterval_quant_q_9	20	1.1532477297417794
12	PredInterval_quant_q_9	21	1.0923603400179112
12	PredInterval_quant_q_9	22	1.1136871958485357
12	PredInterval_quant_q_9	23	1.1251816065337514
12	PredInterval_quant_q_9	24	1.2233085890106756
12	PredInterval_quant_q_9	25	1.1440763483263154
12	PredInterval_quant_q_9	26	1.111218030379465
12	PredInterval_quant_q_9	27	1.2209301126578385
12	PredInterval_quant_q_9	28	1.1121799925103484
12	PredInterval_quant_q_9	29	1.103722374976447
12	CalPred_marginal	0	0.8266426096329387
12	CalPred_marginal	1	0.8308382515384212
12	CalPred_marginal	2	0.8186107558534979
12	CalPred_marginal	3	0.8269645261542562
12	CalPred_marginal	4	0.825991813217893
12	CalPred_marginal	5	0.8378404680967731
12	CalPred_marginal	6	0.8286725570195136
12	CalPred_marginal	7	0.8319322880720141
12	CalPred_marginal	8	0.824509405983006
12	CalPred_marginal	9	0.8337940106864397
12	CalPred_marginal	10	0.8329936999496061
12	CalPred_marginal	11	0.830228676808559
12	CalPred_marginal	12	0.8300661771360048
12	CalPred_marginal	13	0.8395276737549248
12	CalPred_marginal	14	0.836445714398601
12	CalPred_marginal	15	0.8344265934309618
12	CalPred_marginal	16	0.839954083297008
12	CalPred_marginal	17	0.8412631763293165
12	CalPred_marginal	18	0.8319759514935254
12	CalPred_marginal	19	0.8256989421212553
12	CalPred_marginal	20	0.8398022494253939
12	CalPred_marginal	21	0.8360601136814508
12	CalPred_marginal	22	0.8201673746026487
12	CalPred_marginal	23	0.8289970644334979
12	CalPred_marginal	24	0.8347398562691637
12	CalPred_marginal	25	0.8247555456505153
12	CalPred_marginal	26	0.8304875448581873
12	CalPred_marginal	27	0.8386391441804685
12	CalPred_marginal	28	0.8269120336017141
12	CalPred_marginal	29	0.8267416026491899
12	CalPred_quant_q_0	0	0.5815682915706599
12	CalPred_quant_q_0	1	0.5800150811952186
12	CalPred_quant_q_0	2	0.5873305837595727
12	CalPred_quant_q_0	3	0.5810988560024068
12	CalPred_quant_q_0	4	0.5729003355541523
12	CalPred_quant_q_0	5	0.602875933053979
12	CalPred_quant_q_0	6	0.5939795265204049
12	CalPred_quant_q_0	7	0.5904822023145571
12	CalPred_quant_q_0	8	0.5966627520776643
12	CalPred_quant_q_0	9	0.582058195907949
12	CalPred_quant_q_0	10	0.5882225338590407
12	CalPred_quant_q_0	11	0.5921283917741643
12	CalPred_quant_q_0	12	0.5850012767380128
12	CalPred_quant_q_0	13	0.5816720409855312
12	CalPred_quant_q_0	14	0.591559960332182
12	CalPred_quant_q_0	15	0.5973942744051954
12	CalPred_quant_q_0	16	0.5976627324179463
12	CalPred_quant_q_0	17	0.5778428672489639
12	CalPred_quant_q_0	18	0.5932614231291773
12	CalPred_quant_q_0	19	0.5850651577734312
12	CalPred_quant_q_0	20	0.5822769521355393
12	CalPred_quant_q_0	21	0.5919998799686884
12	CalPred_quant_q_0	22	0.5834733228436988
12	CalPred_quant_q_0	23	0.5819709750541128
12	CalPred_quant_q_0	24	0.5806827146729371
12	CalPred_quant_q_0	25	0.5692658546925848
12	CalPred_quant_q_0	26	0.5975597567380581
12	CalPred_quant_q_0	27	0.5909485528893728
12	CalPred_quant_q_0	28	0.5823131929819005
12	CalPred_quant_q_0	29	0.5848804995157519
12	CalPred_quant_q_9	0	1.2344021510617016
12	CalPred_quant_q_9	1	1.2305313154182749
12	CalPred_quant_q_9	2	1.207374120647431
12	CalPred_quant_q_9	3	1.1930650144324275
12	CalPred_quant_q_9	4	1.2004458212292235
12	CalPred_quant_q_9	5	1.2326038263596095
12	CalPred_quant_q_9	6	1.1920364787326072
12	CalPred_quant_q_9	7	1.2383674336396908
12	CalPred_quant_q_9	8	1.2405377605460204
12	CalPred_quant_q_9	9	1.2631651196969198
12	CalPred_quant_q_9	10	1.1917736111223516
12	CalPred_quant_q_9	11	1.2349172394722274
12	CalPred_quant_q_9	12	1.2206799857975028
12	CalPred_quant_q_9	13	1.2291670095289855
12	CalPred_quant_q_9	14	1.255758870812794
12	CalPred_quant_q_9	15	1.2692904223718111
12	CalPred_quant_q_9	16	1.228048561671316
12	CalPred_quant_q_9	17	1.2696962271194798
12	CalPred_quant_q_9	18	1.2575019367988802
12	CalPred_quant_q_9	19	1.2258651935388714
12	CalPred_quant_q_9	20	1.2221884143497608
12	CalPred_quant_q_9	21	1.2366449982551124
12	CalPred_quant_q_9	22	1.200486689283478
12	CalPred_quant_q_9	23	1.207613451028855
12	CalPred_quant_q_9	24	1.2315591155615966
12	CalPred_quant_q_9	25	1.2163772838154272
12	CalPred_quant_q_9	26	1.2113565114597442
12	CalPred_quant_q_9	27	1.2882811192910368
12	CalPred_quant_q_9	28	1.2050632613360184
12	CalPred_quant_q_9	29	1.2147975122169414
14	PredInterval_marginal	0	1.2708491705445495
14	PredInterval_marginal	1	1.1321012057578432
14	PredInterval_marginal	2	1.2654387725658716
14	PredInterval_marginal	3	1.180195226320517
14	PredInterval_marginal	4	1.2459070377437915
14	PredInterval_marginal	5	1.1843516885251266
14	PredInterval_marginal	6	1.085034662324747
14	PredInterval_marginal	7	1.1242657654001498
14	PredInterval_marginal	8	1.1358592089027495
14	PredInterval_marginal	9	1.2075765963668337
14	PredInterval_marginal	10	1.1185956184450885
14	PredInterval_marginal	11	1.777793139652926
14	PredInterval_marginal	12	1.1452916059489453
14	PredInterval_marginal	13	1.1839414898127971
14	PredInterval_marginal	14	1.1524190784620167
14	PredInterval_marginal	15	1.1005164817680524
14	PredInterval_marginal	16	1.1535391564910034
14	PredInterval_marginal	17	1.0886624184124056
14	PredInterval_marginal	18	1.1195667206878128
14	PredInterval_marginal	19	1.0888839687160297
14	PredInterval_marginal	20	1.1500837010079936
14	PredInterval_marginal	21	1.0967613429756655
14	PredInterval_marginal	22	1.1135524109360595
14	PredInterval_marginal	23	1.1260441744425993
14	PredInterval_marginal	24	1.2109384712405655
14	PredInterval_marginal	25	1.1247835122117604
14	PredInterval_marginal	26	1.108812463613423
14	PredInterval_marginal	27	1.22141160555989
14	PredInterval_marginal	28	1.0919223648782992
14	PredInterval_marginal	29	1.091719386799657
14	PredInterval_quant_q_0	0	1.2715970189243
14	PredInterval_quant_q_0	1	1.13179187376998
14	PredInterval_quant_q_0	2	1.265100563850625
14	PredInterval_quant_q_0	3	1.181391279397381
14	PredInterval_quant_q_0	4	1.2462061236354642
14	PredInterval_quant_q_0	5	1.1847147773831348
14	PredInterval_quant_q_0	6	1.0851621306569454
14	PredInterval_quant_q_0	7	1.1244307452999514
14	PredInterval_quant_q_0	8	1.1358079007947397
14	PredInterval_quant_q_0	9	1.2072032837911415
14	PredInterval_quant_q_0	10	1.118996643239491
14	PredInterval_quant_q_0	11	1.7777828676130267
14	PredInterval_quant_q_0	12	1.1437688802569277
14	PredInterval_quant_q_0	13	1.1834098115732814
14	PredInterval_quant_q_0	14	1.1533593286403772
14	PredInterval_quant_q_0	15	1.099972086742628
14	PredInterval_quant_q_0	16	1.1540117064427415
14	PredInterval_quant_q_0	17	1.089468262914788
14	PredInterval_quant_q_0	18	1.1197209981497482
14	PredInterval_quant_q_0	19	1.090688157919007
14	PredInterval_quant_q_0	20	1.1507125767301685
14	PredInterval_quant_q_0	21	1.09731996361394
14	PredInterval_quant_q_0	22	1.112609139859846
14	PredInterval_quant_q_0	23	1.126283067335771
14	PredInterval_quant_q_0	24	1.2110525497978817
14	PredInterval_quant_q_0	25	1.1251352860489994
14	PredInterval_quant_q_0	26	1.108123920456493
14	PredInterval_quant_q_0	27	1.221564490254717
14	PredInterval_quant_q_0	28	1.0907714227405525
14	PredInterval_quant_q_0	29	1.0909647726738028
14	PredInterval_quant_q_9	0	1.2710509808300483
14	PredInterval_quant_q_9	1	1.1328758451123098
14	PredInterval_quant_q_9	2	1.2640547968031994
14	PredInterval_quant_q_9	3	1.1805749700146089
14	PredInterval_quant_q_9	4	1.2457553562700645
14	PredInterval_quant_q_9	5	1.18353390235835
14	PredInterval_quant_q_9	6	1.0859496523643075
14	PredInterval_quant_q_9	7	1.1245574285615088
14	PredInterval_quant_q_9	8	1.1363666358210092
14	PredInterval_quant_q_9	9	1.20807908977292
14	PredInterval_quant_q_9	10	1.11886694322428
14	PredInterval_quant_q_9	11	1.7777567740175215
14	PredInterval_quant_q_9	12	1.145948669468139
14	PredInterval_quant_q_9	13	1.1839148411866596
14	PredInterval_quant_q_9	14	1.1525064490769914
14	PredInterval_quant_q_9	15	1.0996136971286063
14	PredInterval_quant_q_9	16	1.1533278223907453
14	PredInterval_quant_q_9	17	1.0875491333968077
14	PredInterval_quant_q_9	18	1.118982765310764
14	PredInterval_quant_q_9	19	1.0892248164674576
14	PredInterval_quant_q_9	20	1.1503012502972108
14	PredInterval_quant_q_9	21	1.0964333147570355
14	PredInterval_quant_q_9	22	1.1132256731113062
14	PredInterval_quant_q_9	23	1.1274699733147662
14	PredInterval_quant_q_9	24	1.2104511680560714
14	PredInterval_quant_q_9	25	1.1254448473887249
14	PredInterval_quant_q_9	26	1.1097166099737004
14	PredInterval_quant_q_9	27	1.2219124718941294
14	PredInterval_quant_q_9	28	1.0928133172938193
14	PredInterval_quant_q_9	29	1.09122903043279
14	CalPred_marginal	0	0.8250814547613283
14	CalPred_marginal	1	0.8291165561515917
14	CalPred_marginal	2	0.8164402905061791
14	CalPred_marginal	3	0.8259242182326682
14	CalPred_marginal	4	0.8238257998554144
14	CalPred_marginal	5	0.8365040843307492
14	CalPred_marginal	6	0.8269417604116518
14	CalPred_marginal	7	0.8308152889254313
14	CalPred_marginal	8	0.8231829957046306
14	CalPred_marginal	9	0.8318158473580365
14	CalPred_marginal	10	0.8313699881446602
14	CalPred_marginal	11	0.827429654093385
14	CalPred_marginal	12	0.8282442862459326
14	CalPred_marginal	13	0.8379187630285285
14	CalPred_marginal	14	0.8358522644873705
14	CalPred_marginal	15	0.8334484116368903
14	CalPred_marginal	16	0.8382658147762678
14	CalPred_marginal	17	0.8405678567512398
14	CalPred_marginal	18	0.8307950833660059
14	CalPred_marginal	19	0.8233407927953093
14	CalPred_marginal	20	0.8387099892461841
14	CalPred_marginal	21	0.8352462264574251
14	CalPred_marginal	22	0.8186991359229101
14	CalPred_marginal	23	0.8272616111720101
14	CalPred_marginal	24	0.833266987091683
14	CalPred_marginal	25	0.823176191671919
14	CalPred_marginal	26	0.8282905070942196
14	CalPred_marginal	27	0.837757320666304
14	CalPred_marginal	28	0.8249784335985141
14	CalPred_marginal	29	0.8251167447122228
14	CalPred_quant_q_0	0	0.5517037652136326
14	CalPred_quant_q_0	1	0.5508814736311005
14	CalPred_quant_q_0	2	0.5570465654211975
14	CalPred_quant_q_0	3	0.5517845634528651
14	CalPred_quant_q_0	4	0.5416245450505394
14	CalPred_quant_q_0	5	0.5711333737869664
14	CalPred_quant_q_0	6	0.5624758777252367
14	CalPred_quant_q_0	7	0.5594635445245104
14	CalPred_quant_q_0	8	0.5657657962407103
14	CalPred_quant_q_0	9	0.5504175797417952
14	CalPred_quant_q_0	10	0.5575545083875266
14	CalPred_quant_q_0	11	0.5600221935794893
14	CalPred_quant_q_0	12	0.5527775569982635
14	CalPred_quant_q_0	13	0.5522450935357432
14	CalPred_quant_q_0	14	0.5608342088869431
14	CalPred_quant_q_0	15	0.5663299856423554
14	CalPred_quant_q_0	16	0.5667912551424726
14	CalPred_quant_q_0	17	0.5476342192325568
14	CalPred_quant_q_0	18	0.5626673775033387
14	CalPred_quant_q_0	19	0.5540774118696138
14	CalPred_quant_q_0	20	0.5518183177778657
14	CalPred_quant_q_0	21	0.5619793399952412
14	CalPred_quant_q_0	22	0.5527276595012499
14	CalPred_quant_q_0	23	0.5515172283451776
14	CalPred_quant_q_0	24	0.5518210897794614
14	CalPred_quant_q_0	25	0.5392343973877557
14	CalPred_quant_q_0	26	0.5657041397753154
14	CalPred_quant_q_0	27	0.5600849271532252
14	CalPred_quant_q_0	28	0.5505634944305454
14	CalPred_quant_q_0	29	0.554750923371955
14	CalPred_quant_q_9	0	1.3175347362516912
14	CalPred_quant_q_9	1	1.3123602968112411
14	CalPred_quant_q_9	2	1.2887854126166105
14	CalPred_quant_q_9	3	1.2763401603354996
14	CalPred_quant_q_9	4	1.2794405425100432
14	CalPred_quant_q_9	5	1.315543026528606
14	CalPred_quant_q_9	6	1.2697547590665688
14	CalPred_quant_q_9	7	1.3246555104212543
14	CalPred_quant_q_9	8	1.325722301844502
14	CalPred_quant_q_9	9	1.346411200723513
14	CalPred_quant_q_9	10	1.2661308452673803
14	CalPred_quant_q_9	11	1.3162977509420202
14	CalPred_quant_q_9	12	1.3004709907148089
14	CalPred_quant_q_9	13	1.3087377841653485
14	CalPred_quant_q_9	14	1.3408399877134043
14	CalPred_quant_q_9	15	1.3558136473449445
14	CalPred_quant_q_9	16	1.3098412356989455
14	CalPred_quant_q_9	17	1.3552449324128386
14	CalPred_quant_q_9	18	1.3415205605887313
14	CalPred_quant_q_9	19	1.3039838004218376
14	CalPred_quant_q_9	20	1.3059710810099172
14	CalPred_quant_q_9	21	1.320859084692986
14	CalPred_quant_q_9	22	1.2813134093569691
14	CalPred_quant_q_9	23	1.28762087281043
14	CalPred_quant_q_9	24	1.313449060056714
14	CalPred_quant_q_9	25	1.2959622815529317
14	CalPred_quant_q_9	26	1.2912391328508082
14	CalPred_quant_q_9	27	1.3777171103849608
14	CalPred_quant_q_9	28	1.2817000565270351
14	CalPred_quant_q_9	29	1.2943864830365572
16	PredInterval_marginal	0	1.2642975678902786
16	PredInterval_marginal	1	1.133805210113206
16	PredInterval_marginal	2	1.2741159629176122
16	PredInterval_marginal	3	1.1508205658911643
16	PredInterval_marginal	4	1.2001679943458343
16	PredInterval_marginal	5	1.1920751472410178
16	PredInterval_marginal	6	1.0767266856850606
16	PredInterval_marginal	7	1.114766430469818
16	PredInterval_marginal	8	1.1306185060571097
16	PredInterval_marginal	9	1.229357022463951
16	PredInterval_marginal	10	1.0979182998943628
16	PredInterval_marginal	11	1.72442042636899
16	PredInterval_marginal	12	1.1324847313387962
16	PredInterval_marginal	13	1.1623101949093244
16	PredInterval_marginal	14	1.1372902613041689
16	PredInterval_marginal	15	1.0996365414413094
16	PredInterval_marginal	16	1.153491384229701
16	PredInterval_marginal	17	1.0780789293882929
16	PredInterval_marginal	18	1.1242577161861884
16	PredInterval_marginal	19	1.0799919033503147
16	PredInterval_marginal	20	1.1602115013038226
16	PredInterval_marginal	21	1.083413709542602
16	PredInterval_marginal	22	1.1100107854390793
16	PredInterval_marginal	23	1.1131977270020104
16	PredInterval_marginal	24	1.2049896353859748
16	PredInterval_marginal	25	1.131422207561679
16	PredInterval_marginal	26	1.0834546259926074
16	PredInterval_marginal	27	1.220634709797818
16	PredInterval_marginal	28	1.0820700728658164
16	PredInterval_marginal	29	1.096408591772479
16	PredInterval_quant_q_0	0	1.265347815942262
16	PredInterval_quant_q_0	1	1.1333701210259457
16	PredInterval_quant_q_0	2	1.273572686561114
16	PredInterval_quant_q_0	3	1.1516116966360788
16	PredInterval_quant_q_0	4	1.2004556738121706
16	PredInterval_quant_q_0	5	1.1925696312309555
16	PredInterval_quant_q_0	6	1.0768294363747457
16	PredInterval_quant_q_0	7	1.1147450065930609
16	PredInterval_quant_q_0	8	1.1306853166645054
16	PredInterval_quant_q_0	9	1.229011542648322
16	PredInterval_quant_q_0	10	1.0983597344127232
16	PredInterval_quant_q_0	11	1.7244991377573922
16	PredInterval_quant_q_0	12	1.1309973215632625
16	PredInterval_quant_q_0	13	1.1616346588213011
16	PredInterval_quant_q_0	14	1.138249291258841
16	PredInterval_quant_q_0	15	1.0991092492179244
16	PredInterval_quant_q_0	16	1.154433953980348
16	PredInterval_quant_q_0	17	1.079117726076532
16	PredInterval_quant_q_0	18	1.1243590596694155
16	PredInterval_quant_q_0	19	1.081796581445876
16	PredInterval_quant_q_0	20	1.1606665374272178
16	PredInterval_quant_q_0	21	1.0835428579226347
16	PredInterval_quant_q_0	22	1.1088637356400657
16	PredInterval_quant_q_0	23	1.1138325544348249
16	PredInterval_quant_q_0	24	1.204931054532583
16	PredInterval_quant_q_0	25	1.131547701113455
16	PredInterval_quant_q_0	26	1.0827158782983752
16	PredInterval_quant_q_0	27	1.2200114377690503
16	PredInterval_quant_q_0	28	1.081007435661534
16	PredInterval_quant_q_0	29	1.0953087335901457
16	PredInterval_quant_q_9	0	1.265087325758879
16	PredInterval_quant_q_9	1	1.1342821191057235
16	PredInterval_quant_q_9	2	1.2728120682889303
16	PredInterval_quant_q_9	3	1.1511890741050188
16	PredInterval_quant_q_9	4	1.1997988632589556
16	PredInterval_quant_q_9	5	1.1915197691883237
16	PredInterval_quant_q_9	6	1.0776849308478522
16	PredInterval_quant_q_9	7	1.1151096210672296
16	PredInterval_quant_q_9	8	1.1307683271468902
16	PredInterval_quant_q_9	9	1.230017625226807
16	PredInterval_quant_q_9	10	1.0981737374008336
16	PredInterval_quant_q_9	11	1.7243457936676856
16	PredInterval_quant_q_9	12	1.1331906817025217
16	PredInterval_quant_q_9	13	1.1624026357958934
16	PredInterval_quant_q_9	14	1.1375275768661437
16	PredInterval_quant_q_9	15	1.098857661174331
16	PredInterval_quant_q_9	16	1.1527599924656586
16	PredInterval_quant_q_9	17	1.0767384126130874
16	PredInterval_quant_q_9	18	1.1237189114647064
16	PredInterval_quant_q_9	19	1.0802962275681465
16	PredInterval_quant_q_9	20	1.1605880179161947
16	PredInterval_quant_q_9	21	1.082964299067546
16	PredInterval_quant_q_9	22	1.1096594603287402
16	PredInterval_quant_q_9	23	1.114565077423173
16	PredInterval_quant_q_9	24	1.204822631505634
16	PredInterval_quant_q_9	25	1.1322819237483093
16	PredInterval_quant_q_9	26	1.08463377152723
16	PredInterval_quant_q_9	27	1.220910850081969
16	PredInterval_quant_q_9	28	1.0829329933300988
16	PredInterval_quant_q_9	29	1.095942613922972
16	CalPred_marginal	0	0.8228443998854711
16	CalPred_marginal	1	0.8270687948447482
16	CalPred_marginal	2	0.8139398379210883
16	CalPred_marginal	3	0.8236812430644656
16	CalPred_marginal	4	0.8208402017905752
16	CalPred_marginal	5	0.8344729444779375
16	CalPred_marginal	6	0.8247661564409468
16	CalPred_marginal	7	0.8294544915730098
16	CalPred_marginal	8	0.8209485652387293
16	CalPred_marginal	9	0.8292876960837794
16	CalPred_marginal	10	0.828573181687622
16	CalPred_marginal	11	0.8247101074508342
16	CalPred_marginal	12	0.8261319638949851
16	CalPred_marginal	13	0.8357831104632849
16	CalPred_marginal	14	0.834491384526358
16	CalPred_marginal	15	0.8317746662219765
16	CalPred_marginal	16	0.8359877494565487
16	CalPred_marginal	17	0.837988343519951
16	CalPred_marginal	18	0.8288940575093399
16	CalPred_marginal	19	0.8207396470951076
16	CalPred_marginal	20	0.8368454989347545
16	CalPred_marginal	21	0.8337271820448013
16	CalPred_marginal	22	0.8171262513187516
16	CalPred_marginal	23	0.8244023429228753
16	CalPred_marginal	24	0.8310946222695198
16	CalPred_marginal	25	0.8208899811827504
16	CalPred_marginal	26	0.8254968479956224
16	CalPred_marginal	27	0.8363831834240798
16	CalPred_marginal	28	0.8226246651531819
16	CalPred_marginal	29	0.8220754609173903
16	CalPred_quant_q_0	0	0.5237760321492498
16	CalPred_quant_q_0	1	0.5237495417551903
16	CalPred_quant_q_0	2	0.5280473743587997
16	CalPred_quant_q_0	3	0.5238478972489842
16	CalPred_quant_q_0	4	0.5121536078471395
16	CalPred_quant_q_0	5	0.5414906623197395
16	CalPred_quant_q_0	6	0.533138043912009
16	CalPred_quant_q_0	7	0.5316336428738616
16	CalPred_quant_q_0	8	0.5371386515929178
16	CalPred_quant_q_0	9	0.5215303487101525
16	CalPred_quant_q_0	10	0.528071703114677
16	CalPred_quant_q_0	11	0.5296812838883316
16	CalPred_quant_q_0	12	0.5232206822583486
16	CalPred_quant_q_0	13	0.5249250119777655
16	CalPred_quant_q_0	14	0.5319271312912864
16	CalPred_quant_q_0	15	0.5372254928870537
16	CalPred_quant_q_0	16	0.53840526076188
16	CalPred_quant_q_0	17	0.5188312244498906
16	CalPred_quant_q_0	18	0.5340173199642324
16	CalPred_quant_q_0	19	0.5268498719833976
16	CalPred_quant_q_0	20	0.5232313670579395
16	CalPred_quant_q_0	21	0.5340685561697798
16	CalPred_quant_q_0	22	0.5254333231065251
16	CalPred_quant_q_0	23	0.5233875242486045
16	CalPred_quant_q_0	24	0.5239280554887817
16	CalPred_quant_q_0	25	0.5112528036150477
16	CalPred_quant_q_0	26	0.5362195138454118
16	CalPred_quant_q_0	27	0.5321188227470867
16	CalPred_quant_q_0	28	0.5220482302886386
16	CalPred_quant_q_0	29	0.5265722128914754
16	CalPred_quant_q_9	0	1.404534783534517
16	CalPred_quant_q_9	1	1.398890773885114
16	CalPred_quant_q_9	2	1.3752559192588572
16	CalPred_quant_q_9	3	1.3624756696524547
16	CalPred_quant_q_9	4	1.3612025150250693
16	CalPred_quant_q_9	5	1.4006640703181017
16	CalPred_quant_q_9	6	1.3496707439081104
16	CalPred_quant_q_9	7	1.4155115414864596
16	CalPred_quant_q_9	8	1.4155694363184808
16	CalPred_quant_q_9	9	1.433886511912452
16	CalPred_quant_q_9	10	1.3443392303385406
16	CalPred_quant_q_9	11	1.4019521080315576
16	CalPred_quant_q_9	12	1.3839552937693145
16	CalPred_quant_q_9	13	1.3921811109954023
16	CalPred_quant_q_9	14	1.4297785079614227
16	CalPred_quant_q_9	15	1.4457160528134378
16	CalPred_quant_q_9	16	1.3942416292397215
16	CalPred_quant_q_9	17	1.4445929362605423
16	CalPred_quant_q_9	18	1.430006280002914
16	CalPred_quant_q_9	19	1.387842074052122
16	CalPred_quant_q_9	20	1.393325099622223
16	CalPred_quant_q_9	21	1.4078665076871446
16	CalPred_quant_q_9	22	1.3681976379186045
16	CalPred_quant_q_9	23	1.3722309881011217
16	CalPred_quant_q_9	24	1.3995909153562107
16	CalPred_quant_q_9	25	1.3797260551380348
16	CalPred_quant_q_9	26	1.3745989938374916
16	CalPred_quant_q_9	27	1.4723407042943206
16	CalPred_quant_q_9	28	1.3627406701579028
16	CalPred_quant_q_9	29	1.3776996988932408
18	PredInterval_marginal	0	1.2173148526383968
18	PredInterval_marginal	1	1.1247335765438706
18	PredInterval_marginal	2	1.2277051732908573
18	PredInterval_marginal	3	1.14395365465467
18	PredInterval_marginal	4	1.1512288019183674
18	PredInterval_marginal	5	1.1666028410217903
18	PredInterval_marginal	6	1.0676780296940476
18	PredInterval_marginal	7	1.109086510247498
18	PredInterval_marginal	8	1.1183407502029326
18	PredInterval_marginal	9	1.2356219546651033
18	PredInterval_marginal	10	1.0982510319806786
18	PredInterval_marginal	11	1.7300232025352469
18	PredInterval_marginal	12	1.1356266212980728
18	PredInterval_marginal	13	1.1647749052351668
18	PredInterval_marginal	14	1.1680531119562518
18	PredInterval_marginal	15	1.0328794856965915
18	PredInterval_marginal	16	1.1414430350263864
18	PredInterval_marginal	17	1.0675752216904362
18	PredInterval_marginal	18	1.1054607208222698
18	PredInterval_marginal	19	1.046992163070402
18	PredInterval_marginal	20	1.1359153638634725
18	PredInterval_marginal	21	1.0711236100540595
18	PredInterval_marginal	22	1.0930582992017543
18	PredInterval_marginal	23	1.091821217211134
18	PredInterval_marginal	24	1.1720919330531323
18	PredInterval_marginal	25	1.1185679198010523
18	PredInterval_marginal	26	1.0466353524170242
18	PredInterval_marginal	27	1.2122037247429556
18	PredInterval_marginal	28	1.0725966976217622
18	PredInterval_marginal	29	1.0761483983862177
18	PredInterval_quant_q_0	0	1.218114976621835
18	PredInterval_quant_q_0	1	1.1242713334727266
18	PredInterval_quant_q_0	2	1.2272737940025773
18	PredInterval_quant_q_0	3	1.1451402806558957
18	PredInterval_quant_q_0	4	1.1515713767516405
18	PredInterval_quant_q_0	5	1.1669653393838346
18	PredInterval_quant_q_0	6	1.0675371696555995
18	PredInterval_quant_q_0	7	1.1092934318285346
18	PredInterval_quant_q_0	8	1.118173556034
18	PredInterval_quant_q_0	9	1.2349536475420126
18	PredInterval_quant_q_0	10	1.0988443377963906
18	PredInterval_quant_q_0	11	1.7300396986176558
18	PredInterval_quant_q_0	12	1.1343061129409149
18	PredInterval_quant_q_0	13	1.164112183098559
18	PredInterval_quant_q_0	14	1.169689227422904
18	PredInterval_quant_q_0	15	1.031870053618495
18	PredInterval_quant_q_0	16	1.1424061353088484
18	PredInterval_quant_q_0	17	1.068638557873362
18	PredInterval_quant_q_0	18	1.105722537139232
18	PredInterval_quant_q_0	19	1.048667667186073
18	PredInterval_quant_q_0	20	1.1365265151916155
18	PredInterval_quant_q_0	21	1.0709505423243433
18	PredInterval_quant_q_0	22	1.091850805228071
18	PredInterval_quant_q_0	23	1.0922984545563197
18	PredInterval_quant_q_0	24	1.1722821246306083
18	PredInterval_quant_q_0	25	1.1186458743934606
18	PredInterval_quant_q_0	26	1.0453029313884736
18	PredInterval_quant_q_0	27	1.2121149844905958
18	PredInterval_quant_q_0	28	1.0712566667158565
18	PredInterval_quant_q_0	29	1.0752396069237196
18	PredInterval_quant_q_9	0	1.2177960219608983
18	PredInterval_quant_q_9	1	1.1253366958705289
18	PredInterval_quant_q_9	2	1.226412633916047
18	PredInterval_quant_q_9	3	1.1439374214489824
18	PredInterval_quant_q_9	4	1.1515253700181147
18	PredInterval_quant_q_9	5	1.1658991429374297
18	PredInterval_quant_q_9	6	1.0687975848619258
18	PredInterval_quant_q_9	7	1.1094161010593593
18	PredInterval_quant_q_9	8	1.1188752843123002
18	PredInterval_quant_q_9	9	1.2361504329881523
18	PredInterval_quant_q_9	10	1.0982604553017397
18	PredInterval_quant_q_9	11	1.7299740635515355
18	PredInterval_quant_q_9	12	1.1364408613794892
18	PredInterval_quant_q_9	13	1.1646679290208528
18	PredInterval_quant_q_9	14	1.16798739195465
18	PredInterval_quant_q_9	15	1.032028938054595
18	PredInterval_quant_q_9	16	1.1409971974289888
18	PredInterval_quant_q_9	17	1.0662028492470017
18	PredInterval_quant_q_9	18	1.1047643561250355
18	PredInterval_quant_q_9	19	1.0475509110482524
18	PredInterval_quant_q_9	20	1.1361943749973291
18	PredInterval_quant_q_9	21	1.070612404778688
18	PredInterval_quant_q_9	22	1.0929062888939105
18	PredInterval_quant_q_9	23	1.0930293381471636
18	PredInterval_quant_q_9	24	1.1719450409218324
18	PredInterval_quant_q_9	25	1.1194410313880234
18	PredInterval_quant_q_9	26	1.0476671898667025
18	PredInterval_quant_q_9	27	1.2125937675853935
18	PredInterval_quant_q_9	28	1.0730496651615975
18	PredInterval_quant_q_9	29	1.075666338824349
18	CalPred_marginal	0	0.8194124226275581
18	CalPred_marginal	1	0.8241060706696244
18	CalPred_marginal	2	0.8102275976039633
18	CalPred_marginal	3	0.8209841634739343
18	CalPred_marginal	4	0.8154404433549702
18	CalPred_marginal	5	0.8311399875511197
18	CalPred_marginal	6	0.8215298271957338
18	CalPred_marginal	7	0.8267082456889282
18	CalPred_marginal	8	0.8186816051447744
18	CalPred_marginal	9	0.8259465252275029
18	CalPred_marginal	10	0.8249057498091455
18	CalPred_marginal	11	0.8208114561028554
18	CalPred_marginal	12	0.8231295548213908
18	CalPred_marginal	13	0.8322885306434545
18	CalPred_marginal	14	0.8318685634386628
18	CalPred_marginal	15	0.8281412963943833
18	CalPred_marginal	16	0.8327984015576864
18	CalPred_marginal	17	0.8353923886500725
18	CalPred_marginal	18	0.8264028746255717
18	CalPred_marginal	19	0.8168620437501358
18	CalPred_marginal	20	0.8341300429971152
18	CalPred_marginal	21	0.8308379562712979
18	CalPred_marginal	22	0.8142321024510257
18	CalPred_marginal	23	0.8205772805881075
18	CalPred_marginal	24	0.8282782957438587
18	CalPred_marginal	25	0.8175572827162763
18	CalPred_marginal	26	0.8199014197554463
18	CalPred_marginal	27	0.8340604534219829
18	CalPred_marginal	28	0.8188913991221565
18	CalPred_marginal	29	0.8184186064805085
18	CalPred_quant_q_0	0	0.4976175905650994
18	CalPred_quant_q_0	1	0.4991403898848353
18	CalPred_quant_q_0	2	0.5010374155839162
18	CalPred_quant_q_0	3	0.4985803021266686
18	CalPred_quant_q_0	4	0.4821645584527682
18	CalPred_quant_q_0	5	0.5133756343308894
18	CalPred_quant_q_0	6	0.5063970581308126
18	CalPred_quant_q_0	7	0.5045641103792293
18	CalPred_quant_q_0	8	0.5118226171018573
18	CalPred_quant_q_0	9	0.4950908255503529
18	CalPred_quant_q_0	10	0.5021001028325907
18	CalPred_quant_q_0	11	0.5027307140461614
18	CalPred_quant_q_0	12	0.4953281152900773
18	CalPred_quant_q_0	13	0.4983273347585688
18	CalPred_quant_q_0	14	0.5042024999032726
18	CalPred_quant_q_0	15	0.5079324490665784
18	CalPred_quant_q_0	16	0.5119387552738958
18	CalPred_quant_q_0	17	0.4919684001079545
18	CalPred_quant_q_0	18	0.5076442273034267
18	CalPred_quant_q_0	19	0.499891591945332
18	CalPred_quant_q_0	20	0.4974046292418521
18	CalPred_quant_q_0	21	0.5069383240502544
18	CalPred_quant_q_0	22	0.4996281938179444
18	CalPred_quant_q_0	23	0.4970006083593202
18	CalPred_quant_q_0	24	0.4985787946116069
18	CalPred_quant_q_0	25	0.4851540174671857
18	CalPred_quant_q_0	26	0.5040841255121866
18	CalPred_quant_q_0	27	0.5057872219932026
18	CalPred_quant_q_0	28	0.4940292444771917
18	CalPred_quant_q_0	29	0.4998869169601236
18	CalPred_quant_q_9	0	1.4946061473440506
18	CalPred_quant_q_9	1	1.488579767599174
18	CalPred_quant_q_9	2	1.465200584492047
18	CalPred_quant_q_9	3	1.4537773994533072
18	CalPred_quant_q_9	4	1.4449693545899542
18	CalPred_quant_q_9	5	1.4902642308611018
18	CalPred_quant_q_9	6	1.4347091350137362
18	CalPred_quant_q_9	7	1.5100619984587216
18	CalPred_quant_q_9	8	1.509063959042412
18	CalPred_quant_q_9	9	1.5246695687261604
18	CalPred_quant_q_9	10	1.4247810879339915
18	CalPred_quant_q_9	11	1.4901533748696325
18	CalPred_quant_q_9	12	1.470299811443907
18	CalPred_quant_q_9	13	1.4779941509624344
18	CalPred_quant_q_9	14	1.521000735145576
18	CalPred_quant_q_9	15	1.5394973161406895
18	CalPred_quant_q_9	16	1.4816658678902836
18	CalPred_quant_q_9	17	1.5390722038738125
18	CalPred_quant_q_9	18	1.5215797166431444
18	CalPred_quant_q_9	19	1.47342069383076
18	CalPred_quant_q_9	20	1.4840993465165688
18	CalPred_quant_q_9	21	1.4983137599247305
18	CalPred_quant_q_9	22	1.45768913003172
18	CalPred_quant_q_9	23	1.459144522337375
18	CalPred_quant_q_9	24	1.4886486163142314
18	CalPred_quant_q_9	25	1.466503388781909
18	CalPred_quant_q_9	26	1.4613260175431506
18	CalPred_quant_q_9	27	1.5711979031006031
18	CalPred_quant_q_9	28	1.447256699269523
18	CalPred_quant_q_9	29	1.464623603380965
20	PredInterval_marginal	0	1.1063153017970573
20	PredInterval_marginal	1	0.963267563509884
20	PredInterval_marginal	2	1.1685364573393748
20	PredInterval_marginal	3	1.062075136588511
20	PredInterval_marginal	4	1.0058341605896728
20	PredInterval_marginal	5	1.0598525377179768
20	PredInterval_marginal	6	0.973617089861152
20	PredInterval_marginal	7	1.0070903047246254
20	PredInterval_marginal	8	0.9535417373104044
20	PredInterval_marginal	9	1.105877820476431
20	PredInterval_marginal	10	0.9287918631617318
20	PredInterval_marginal	11	1.6381400556031689
20	PredInterval_marginal	12	1.0173202861398278
20	PredInterval_marginal	13	1.0824178228700778
20	PredInterval_marginal	14	1.0263662164203309
20	PredInterval_marginal	15	0.9298666251574086
20	PredInterval_marginal	16	1.0624145484699574
20	PredInterval_marginal	17	0.9648762106372304
20	PredInterval_marginal	18	0.9621174792856014
20	PredInterval_marginal	19	0.890233168602092
20	PredInterval_marginal	20	1.0860376700355707
20	PredInterval_marginal	21	0.9569117496728706
20	PredInterval_marginal	22	0.990641066267661
20	PredInterval_marginal	23	1.0945666930758675
20	PredInterval_marginal	24	1.1100378566023366
20	PredInterval_marginal	25	1.113450569141644
20	PredInterval_marginal	26	0.9156827518445876
20	PredInterval_marginal	27	1.1690990718760903
20	PredInterval_marginal	28	0.971510995349254
20	PredInterval_marginal	29	0.9863011372043972
20	PredInterval_quant_q_0	0	1.1073780876523072
20	PredInterval_quant_q_0	1	0.96295990955558
20	PredInterval_quant_q_0	2	1.1685061418197078
20	PredInterval_quant_q_0	3	1.0625986806078451
20	PredInterval_quant_q_0	4	1.0062386448106484
20	PredInterval_quant_q_0	5	1.0603820549790706
20	PredInterval_quant_q_0	6	0.9734102113416244
20	PredInterval_quant_q_0	7	1.007054043778493
20	PredInterval_quant_q_0	8	0.9533017826928832
20	PredInterval_quant_q_0	9	1.1053525666074675
20	PredInterval_quant_q_0	10	0.9295129838611071
20	PredInterval_quant_q_0	11	1.638087918870014
20	PredInterval_quant_q_0	12	1.015732769184254
20	PredInterval_quant_q_0	13	1.0819386446369024
20	PredInterval_quant_q_0	14	1.027014969422449
20	PredInterval_quant_q_0	15	0.9301210290867532
20	PredInterval_quant_q_0	16	1.0642777220772237
20	PredInterval_quant_q_0	17	0.9659414064826858
20	PredInterval_quant_q_0	18	0.9626953258349484
20	PredInterval_quant_q_0	19	0.8914882840775814
20	PredInterval_quant_q_0	20	1.0867769016603233
20	PredInterval_quant_q_0	21	0.9567913044050176
20	PredInterval_quant_q_0	22	0.9896427880372056
20	PredInterval_quant_q_0	23	1.094969399796591
20	PredInterval_quant_q_0	24	1.1102179804049763
20	PredInterval_quant_q_0	25	1.1135038571164768
20	PredInterval_quant_q_0	26	0.914578377921803
20	PredInterval_quant_q_0	27	1.1687019675954098
20	PredInterval_quant_q_0	28	0.9703290132326994
20	PredInterval_quant_q_0	29	0.9850998424206208
20	PredInterval_quant_q_9	0	1.1067645931825782
20	PredInterval_quant_q_9	1	0.9634216180802428
20	PredInterval_quant_q_9	2	1.1672006581992571
20	PredInterval_quant_q_9	3	1.0621258202600932
20	PredInterval_quant_q_9	4	1.00629882720393
20	PredInterval_quant_q_9	5	1.059711658268085
20	PredInterval_quant_q_9	6	0.9748583248188528
20	PredInterval_quant_q_9	7	1.0072958161802847
20	PredInterval_quant_q_9	8	0.953396000006734
20	PredInterval_quant_q_9	9	1.1063063996692797
20	PredInterval_quant_q_9	10	0.9291023781467328
20	PredInterval_quant_q_9	11	1.6381616584081655
20	PredInterval_quant_q_9	12	1.017861462477107
20	PredInterval_quant_q_9	13	1.082333692537025
20	PredInterval_quant_q_9	14	1.026183462688104
20	PredInterval_quant_q_9	15	0.9287855724080968
20	PredInterval_quant_q_9	16	1.061911962373195
20	PredInterval_quant_q_9	17	0.9636983571573786
20	PredInterval_quant_q_9	18	0.9612809826112694
20	PredInterval_quant_q_9	19	0.8906238863303999
20	PredInterval_quant_q_9	20	1.0861918455310324
20	PredInterval_quant_q_9	21	0.956514023366364
20	PredInterval_quant_q_9	22	0.9903815359593792
20	PredInterval_quant_q_9	23	1.0958452636857856
20	PredInterval_quant_q_9	24	1.1096903871169967
20	PredInterval_quant_q_9	25	1.11424760442659
20	PredInterval_quant_q_9	26	0.9165165423090238
20	PredInterval_quant_q_9	27	1.169591006975151
20	PredInterval_quant_q_9	28	0.9723348962232776
20	PredInterval_quant_q_9	29	0.9861672062209454
20	CalPred_marginal	0	0.8137000897479196
20	CalPred_marginal	1	0.8172928315600554
20	CalPred_marginal	2	0.8057102227451663
20	CalPred_marginal	3	0.8147728335331461
20	CalPred_marginal	4	0.8080968134100309
20	CalPred_marginal	5	0.8237002805441546
20	CalPred_marginal	6	0.8145718229168124
20	CalPred_marginal	7	0.8222232810275305
20	CalPred_marginal	8	0.8109867023329048
20	CalPred_marginal	9	0.8212650907759435
20	CalPred_marginal	10	0.8165646555395959
20	CalPred_marginal	11	0.8129095995809201
20	CalPred_marginal	12	0.8159221561297761
20	CalPred_marginal	13	0.8243835350188586
20	CalPred_marginal	14	0.8236254881538271
20	CalPred_marginal	15	0.8204948990959261
20	CalPred_marginal	16	0.8283761582344885
20	CalPred_marginal	17	0.8289801276478278
20	CalPred_marginal	18	0.8208509072462481
20	CalPred_marginal	19	0.8076509046156152
20	CalPred_marginal	20	0.8293833623770382
20	CalPred_marginal	21	0.8247747625128253
20	CalPred_marginal	22	0.807498289831303
20	CalPred_marginal	23	0.81607463691622
20	CalPred_marginal	24	0.8223735032521136
20	CalPred_marginal	25	0.8135848723650856
20	CalPred_marginal	26	0.8128354716903886
20	CalPred_marginal	27	0.8309239161190609
20	CalPred_marginal	28	0.8120976550597219
20	CalPred_marginal	29	0.8110698461021256
20	CalPred_quant_q_0	0	0.4718168220390716
20	CalPred_quant_q_0	1	0.4716973795551989
20	CalPred_quant_q_0	2	0.4759165983276369
20	CalPred_quant_q_0	3	0.470568023265677
20	CalPred_quant_q_0	4	0.4531208866593811
20	CalPred_quant_q_0	5	0.4830680276893171
20	CalPred_quant_q_0	6	0.4759631120966059
20	CalPred_quant_q_0	7	0.4773286405006923
20	CalPred_quant_q_0	8	0.4800763718164367
20	CalPred_quant_q_0	9	0.4703571310255743
20	CalPred_quant_q_0	10	0.4706970038640721
20	CalPred_quant_q_0	11	0.4726578765084561
20	CalPred_quant_q_0	12	0.4666766202023502
20	CalPred_quant_q_0	13	0.4676444941797078
20	CalPred_quant_q_0	14	0.4728711256148566
20	CalPred_quant_q_0	15	0.4756752169445885
20	CalPred_quant_q_0	16	0.4861508365593632
20	CalPred_quant_q_0	17	0.4637395966358632
20	CalPred_quant_q_0	18	0.478881568167441
20	CalPred_quant_q_0	19	0.468739342044123
20	CalPred_quant_q_0	20	0.4723081235205769
20	CalPred_quant_q_0	21	0.4779188444340733
20	CalPred_quant_q_0	22	0.4688339520144112
20	CalPred_quant_q_0	23	0.4722874917570588
20	CalPred_quant_q_0	24	0.4723372321298505
20	CalPred_quant_q_0	25	0.4612599411119973
20	CalPred_quant_q_0	26	0.4722496240961506
20	CalPred_quant_q_0	27	0.4808180867430006
20	CalPred_quant_q_0	28	0.4662954368402086
20	CalPred_quant_q_0	29	0.4710267174538712
20	CalPred_quant_q_9	0	1.5885010475160892
20	CalPred_quant_q_9	1	1.5800788865739128
20	CalPred_quant_q_9	2	1.5575443631693664
20	CalPred_quant_q_9	3	1.5448906869701302
20	CalPred_quant_q_9	4	1.5287699685393912
20	CalPred_quant_q_9	5	1.5780151908585942
20	CalPred_quant_q_9	6	1.5191967247905993
20	CalPred_quant_q_9	7	1.6095093470641246
20	CalPred_quant_q_9	8	1.606982296492277
20	CalPred_quant_q_9	9	1.6204688023544027
20	CalPred_quant_q_9	10	1.505033590209122
20	CalPred_quant_q_9	11	1.5816057418860996
20	CalPred_quant_q_9	12	1.562107508937382
20	CalPred_quant_q_9	13	1.5674146816054635
20	CalPred_quant_q_9	14	1.611216910097676
20	CalPred_quant_q_9	15	1.6347177000105202
20	CalPred_quant_q_9	16	1.5726379624404765
20	CalPred_quant_q_9	17	1.6353580901838891
20	CalPred_quant_q_9	18	1.618456305352601
20	CalPred_quant_q_9	19	1.5581707467822978
20	CalPred_quant_q_9	20	1.578216959814409
20	CalPred_quant_q_9	21	1.5919616177543592
20	CalPred_quant_q_9	22	1.5484502800904811
20	CalPred_quant_q_9	23	1.5501858948601082
20	CalPred_quant_q_9	24	1.5827467276756275
20	CalPred_quant_q_9	25	1.5566145095036503
20	CalPred_quant_q_9	26	1.5500624700252572
20	CalPred_quant_q_9	27	1.673735282981601
20	CalPred_quant_q_9	28	1.5326963932694109
20	CalPred_quant_q_9	29	1.5519232917565748
