method	n	seed	col	coverage	r2	length	group	subgroup	cv
CalPred	10000	0	age_q_0	0.9516441005802708	0.007927577451458867	0.8223238665946628	Age	0	1
CalPred	10000	0	age_q_0	0.9516441005802708	0.005866676635275103	0.8223238665946628	Age	0	2
CalPred	10000	0	age_q_0	0.9516441005802708	0.004747259825476366	0.8223238665946628	Age	0	3
CalPred	10000	0	age_q_0	0.9516441005802708	0.011766128542177555	0.8223238665946628	Age	0	4
CalPred	10000	0	age_q_0	0.9516441005802708	0.0008188303827061065	0.8223238665946628	Age	0	5
CalPred	10000	0	age_q_4	0.9457236842105264	0.0011400079791372608	0.9736846405818328	Age	4	1
CalPred	10000	0	age_q_4	0.9457236842105264	0.001799907588158937	0.9736846405818328	Age	4	2
CalPred	10000	0	age_q_4	0.9457236842105264	0.003862930758387965	0.9736846405818328	Age	4	3
CalPred	10000	0	age_q_4	0.9457236842105264	0.0011599939818346429	0.9736846405818328	Age	4	4
CalPred	10000	0	age_q_4	0.9457236842105264	0.002358466946704423	0.9736846405818328	Age	4	5
CalPred	10000	0	age_q_4	0.9516129032258064	0.0011400079791372608	0.9653787952335134	Age	4	1
CalPred	10000	0	age_q_4	0.9516129032258064	0.001799907588158937	0.9653787952335134	Age	4	2
CalPred	10000	0	age_q_4	0.9516129032258064	0.003862930758387965	0.9653787952335134	Age	4	3
CalPred	10000	0	age_q_4	0.9516129032258064	0.0011599939818346429	0.9653787952335134	Age	4	4
CalPred	10000	0	age_q_4	0.9516129032258064	0.002358466946704423	0.9653787952335134	Age	4	5
CalPred	10000	0	age_q_9	0.9455894476504534	0.004020657662164804	0.9688825726121651	Age	9	1
CalPred	10000	0	age_q_9	0.9455894476504534	0.0015651006678587727	0.9688825726121651	Age	9	2
CalPred	10000	0	age_q_9	0.9455894476504534	0.006955036028922301	0.9688825726121651	Age	9	3
CalPred	10000	0	age_q_9	0.9455894476504534	0.002495329915501563	0.9688825726121651	Age	9	4
CalPred	10000	0	age_q_9	0.9455894476504534	0.006710793138323087	0.9688825726121651	Age	9	5
CalPred	10000	0	education_q_1	0.9567307692307692	0.008261795974368462	1.0576178935508724	Education	1	1
CalPred	10000	0	education_q_1	0.9567307692307692	0.010814954882747327	1.0576178935508724	Education	1	2
CalPred	10000	0	education_q_1	0.9567307692307692	0.0001327179017814524	1.0576178935508724	Education	1	3
CalPred	10000	0	education_q_1	0.9567307692307692	0.0010635009773398284	1.0576178935508724	Education	1	4
CalPred	10000	0	education_q_1	0.9567307692307692	0.000271448882760582	1.0576178935508724	Education	1	5
CalPred	10000	0	education_q_4	0.9557975656630364	0.004359839797537728	0.9289583545296384	Education	4	1
CalPred	10000	0	education_q_4	0.9557975656630364	0.00319988081684629	0.9289583545296384	Education	4	2
CalPred	10000	0	education_q_4	0.9557975656630364	0.004785635308249203	0.9289583545296384	Education	4	3
CalPred	10000	0	education_q_4	0.9557975656630364	0.003421749786846197	0.9289583545296384	Education	4	4
CalPred	10000	0	education_q_4	0.9557975656630364	0.0051131505995027455	0.9289583545296384	Education	4	5
CalPred	10000	0	income_q_1	0.9483146067415732	0.010775658994221319	1.0242270977230177	Income	1	1
CalPred	10000	0	income_q_1	0.9483146067415732	0.0018851663939492293	1.0242270977230177	Income	1	2
CalPred	10000	0	income_q_1	0.9483146067415732	0.0011247918372517525	1.0242270977230177	Income	1	3
CalPred	10000	0	income_q_1	0.9483146067415732	0.0012528610789453714	1.0242270977230177	Income	1	4
CalPred	10000	0	income_q_1	0.9483146067415732	0.006822377251244991	1.0242270977230177	Income	1	5
CalPred	10000	0	income_q_5	0.9560693641618496	0.0034858290382744103	0.961886712730278	Income	5	1
CalPred	10000	0	income_q_5	0.9560693641618496	0.0014276390128836246	0.961886712730278	Income	5	2
CalPred	10000	0	income_q_5	0.9560693641618496	0.005706326832318804	0.961886712730278	Income	5	3
CalPred	10000	0	income_q_5	0.9560693641618496	0.0020500971759334617	0.961886712730278	Income	5	4
CalPred	10000	0	income_q_5	0.9560693641618496	0.004914980357132929	0.961886712730278	Income	5	5
CalPred	10000	0	income_q_9	0.95483288166215	0.003259827443229535	0.9004659360870779	Income	9	1
CalPred	10000	0	income_q_9	0.95483288166215	0.0036591075282058584	0.9004659360870779	Income	9	2
CalPred	10000	0	income_q_9	0.95483288166215	0.0052307481406737785	0.9004659360870779	Income	9	3
CalPred	10000	0	income_q_9	0.95483288166215	0.002897599261581484	0.9004659360870779	Income	9	4
CalPred	10000	0	income_q_9	0.95483288166215	0.004975499555262159	0.9004659360870779	Income	9	5
CalPred	10000	0	marginal	0.9541	0.005475949268676993	0.9516465771196668	Overall		1
CalPred	10000	0	marginal	0.9541	0.003010230250493415	0.9516465771196668	Overall		2
CalPred	10000	0	marginal	0.9541	0.005738555112482843	0.9516465771196668	Overall		3
CalPred	10000	0	marginal	0.9541	0.0035284885368530717	0.9516465771196668	Overall		4
CalPred	10000	0	marginal	0.9541	0.005767544267675343	0.9516465771196668	Overall		5
CalPred	10000	0	sex_q_0	0.9552968960863698	0.007104011603377851	0.9235257267858182	Sex	0	1
CalPred	10000	0	sex_q_0	0.9552968960863698	0.0032090540744941654	0.9235257267858182	Sex	0	2
CalPred	10000	0	sex_q_0	0.9552968960863698	0.006760897524460472	0.9235257267858182	Sex	0	3
CalPred	10000	0	sex_q_0	0.9552968960863698	0.0038842798192936516	0.9235257267858182	Sex	0	4
CalPred	10000	0	sex_q_0	0.9552968960863698	0.006212350092987734	0.9235257267858182	Sex	0	5
CalPred	10000	0	sex_q_1	0.9523575638506876	0.0036292645521001973	0.992584789491733	Sex	1	1
CalPred	10000	0	sex_q_1	0.9523575638506876	0.002791531745612952	0.992584789491733	Sex	1	2
CalPred	10000	0	sex_q_1	0.9523575638506876	0.004485896936588896	0.992584789491733	Sex	1	3
CalPred	10000	0	sex_q_1	0.9523575638506876	0.0030996243009273963	0.992584789491733	Sex	1	4
CalPred	10000	0	sex_q_1	0.9523575638506876	0.005151498090819075	0.992584789491733	Sex	1	5
CalPred	10000	1	age_q_0	0.9458955223880596	0.01333388006187168	0.845737332229994	Age	0	1
CalPred	10000	1	age_q_0	0.9458955223880596	0.015590677380484287	0.845737332229994	Age	0	2
CalPred	10000	1	age_q_0	0.9458955223880596	0.007743151328804206	0.845737332229994	Age	0	3
CalPred	10000	1	age_q_0	0.9458955223880596	0.01842310712897037	0.845737332229994	Age	0	4
CalPred	10000	1	age_q_0	0.9458955223880596	0.01456581968457224	0.845737332229994	Age	0	5
CalPred	10000	1	age_q_4	0.9497161394971614	0.00615478061717161	0.965013851713748	Age	4	1
CalPred	10000	1	age_q_4	0.9497161394971614	0.005093704681398101	0.965013851713748	Age	4	2
CalPred	10000	1	age_q_4	0.9497161394971614	0.010495601185317997	0.965013851713748	Age	4	3
CalPred	10000	1	age_q_4	0.9497161394971614	0.010032290600009758	0.965013851713748	Age	4	4
CalPred	10000	1	age_q_4	0.9497161394971614	0.00925347733505899	0.965013851713748	Age	4	5
CalPred	10000	1	age_q_4	0.9458333333333332	0.00615478061717161	0.9621466871551184	Age	4	1
CalPred	10000	1	age_q_4	0.9458333333333332	0.005093704681398101	0.9621466871551184	Age	4	2
CalPred	10000	1	age_q_4	0.9458333333333332	0.010495601185317997	0.9621466871551184	Age	4	3
CalPred	10000	1	age_q_4	0.9458333333333332	0.010032290600009758	0.9621466871551184	Age	4	4
CalPred	10000	1	age_q_4	0.9458333333333332	0.00925347733505899	0.9621466871551184	Age	4	5
CalPred	10000	1	age_q_9	0.9545836837678722	0.004619441656886191	1.0044690346537684	Age	9	1
CalPred	10000	1	age_q_9	0.9545836837678722	0.0052546306040656115	1.0044690346537684	Age	9	2
CalPred	10000	1	age_q_9	0.9545836837678722	0.007047112560170426	1.0044690346537684	Age	9	3
CalPred	10000	1	age_q_9	0.9545836837678722	0.00599038496786847	1.0044690346537684	Age	9	4
CalPred	10000	1	age_q_9	0.9545836837678722	0.004707047493281088	1.0044690346537684	Age	9	5
CalPred	10000	1	education_q_1	0.98	0.007954183560206647	1.1362264145575296	Education	1	1
CalPred	10000	1	education_q_1	0.98	0.007576688593694257	1.1362264145575296	Education	1	2
CalPred	10000	1	education_q_1	0.98	0.006659627397457608	1.1362264145575296	Education	1	3
CalPred	10000	1	education_q_1	0.98	0.0156605523388291	1.1362264145575296	Education	1	4
CalPred	10000	1	education_q_1	0.98	0.024280618958022516	1.1362264145575296	Education	1	5
CalPred	10000	1	education_q_4	0.949984121943474	0.004210757281539061	0.910082204017268	Education	4	1
CalPred	10000	1	education_q_4	0.949984121943474	0.003100414024832791	0.910082204017268	Education	4	2
CalPred	10000	1	education_q_4	0.949984121943474	0.004532415143305517	0.910082204017268	Education	4	3
CalPred	10000	1	education_q_4	0.949984121943474	0.004102184926766991	0.910082204017268	Education	4	4
CalPred	10000	1	education_q_4	0.949984121943474	0.004459902841679727	0.910082204017268	Education	4	5
CalPred	10000	1	income_q_1	0.9619450317124736	0.030214214816345796	1.0612288854421847	Income	1	1
CalPred	10000	1	income_q_1	0.9619450317124736	0.029864654524908697	1.0612288854421847	Income	1	2
CalPred	10000	1	income_q_1	0.9619450317124736	0.027615229255711568	1.0612288854421847	Income	1	3
CalPred	10000	1	income_q_1	0.9619450317124736	0.022723348504991973	1.0612288854421847	Income	1	4
CalPred	10000	1	income_q_1	0.9619450317124736	0.022845047180053365	1.0612288854421847	Income	1	5
CalPred	10000	1	income_q_5	0.9480369515011547	0.005180915362852903	0.97332011919098	Income	5	1
CalPred	10000	1	income_q_5	0.9480369515011547	0.004887834475892757	0.97332011919098	Income	5	2
CalPred	10000	1	income_q_5	0.9480369515011547	0.007518514683206705	0.97332011919098	Income	5	3
CalPred	10000	1	income_q_5	0.9480369515011547	0.006440231566948339	0.97332011919098	Income	5	4
CalPred	10000	1	income_q_5	0.9480369515011547	0.005718714829008516	0.97332011919098	Income	5	5
CalPred	10000	1	income_q_9	0.950281425891182	0.00027764300011020595	0.8771974580333557	Income	9	1
CalPred	10000	1	income_q_9	0.950281425891182	0.000571239955357592	0.8771974580333557	Income	9	2
CalPred	10000	1	income_q_9	0.950281425891182	0.00019211226850573558	0.8771974580333557	Income	9	3
CalPred	10000	1	income_q_9	0.950281425891182	7.590191007299157e-05	0.8771974580333557	Income	9	4
CalPred	10000	1	income_q_9	0.950281425891182	4.639561505558755e-06	0.8771974580333557	Income	9	5
CalPred	10000	1	marginal	0.9521	0.005266888597405782	0.9498428080392076	Overall		1
CalPred	10000	1	marginal	0.9521	0.0046260957744540315	0.9498428080392076	Overall		2
CalPred	10000	1	marginal	0.9521	0.00620585063352635	0.9498428080392076	Overall		3
CalPred	10000	1	marginal	0.9521	0.0059494916193162314	0.9498428080392076	Overall		4
CalPred	10000	1	marginal	0.9521	0.005792384786822704	0.9498428080392076	Overall		5
CalPred	10000	1	sex_q_0	0.9504383007417396	0.0092555547988491	0.9200367544074184	Sex	0	1
CalPred	10000	1	sex_q_0	0.9504383007417396	0.007121716296130601	0.9200367544074184	Sex	0	2
CalPred	10000	1	sex_q_0	0.9504383007417396	0.009236474735633623	0.9200367544074184	Sex	0	3
CalPred	10000	1	sex_q_0	0.9504383007417396	0.008253385412357735	0.9200367544074184	Sex	0	4
CalPred	10000	1	sex_q_0	0.9504383007417396	0.007953228915008055	0.9200367544074184	Sex	0	5
CalPred	10000	1	sex_q_1	0.9545231071779744	0.0015615351621019481	0.9933063061079822	Sex	1	1
CalPred	10000	1	sex_q_1	0.9545231071779744	0.002017807005192924	0.9933063061079822	Sex	1	2
CalPred	10000	1	sex_q_1	0.9545231071779744	0.0029637766336075943	0.9933063061079822	Sex	1	3
CalPred	10000	1	sex_q_1	0.9545231071779744	0.003338644082415509	0.9933063061079822	Sex	1	4
CalPred	10000	1	sex_q_1	0.9545231071779744	0.003333452038501882	0.9933063061079822	Sex	1	5
CalPred	10000	2	age_q_0	0.9457831325301204	0.0006978601840780534	0.8563384501254621	Age	0	1
CalPred	10000	2	age_q_0	0.9457831325301204	0.000533715152674869	0.8563384501254621	Age	0	2
CalPred	10000	2	age_q_0	0.9457831325301204	3.687121355226972e-05	0.8563384501254621	Age	0	3
CalPred	10000	2	age_q_0	0.9457831325301204	0.001803890494884081	0.8563384501254621	Age	0	4
CalPred	10000	2	age_q_0	0.9457831325301204	0.0010726097387688913	0.8563384501254621	Age	0	5
CalPred	10000	2	age_q_4	0.9526813880126184	0.00023068426800202784	0.9713459515035432	Age	4	1
CalPred	10000	2	age_q_4	0.9526813880126184	0.0019020731155125958	0.9713459515035432	Age	4	2
CalPred	10000	2	age_q_4	0.9526813880126184	0.001457093764693564	0.9713459515035432	Age	4	3
CalPred	10000	2	age_q_4	0.9526813880126184	0.0010966673043546205	0.9713459515035432	Age	4	4
CalPred	10000	2	age_q_4	0.9526813880126184	0.000251131508962573	0.9713459515035432	Age	4	5
CalPred	10000	2	age_q_4	0.971802618328298	0.00023068426800202784	0.9634608345480432	Age	4	1
CalPred	10000	2	age_q_4	0.971802618328298	0.0019020731155125958	0.9634608345480432	Age	4	2
CalPred	10000	2	age_q_4	0.971802618328298	0.001457093764693564	0.9634608345480432	Age	4	3
CalPred	10000	2	age_q_4	0.971802618328298	0.0010966673043546205	0.9634608345480432	Age	4	4
CalPred	10000	2	age_q_4	0.971802618328298	0.000251131508962573	0.9634608345480432	Age	4	5
CalPred	10000	2	age_q_9	0.941031941031941	0.007653420511843653	0.9850463258576576	Age	9	1
CalPred	10000	2	age_q_9	0.941031941031941	0.006018986160266029	0.9850463258576576	Age	9	2
CalPred	10000	2	age_q_9	0.941031941031941	0.004253557678655976	0.9850463258576576	Age	9	3
CalPred	10000	2	age_q_9	0.941031941031941	0.005265846302854324	0.9850463258576576	Age	9	4
CalPred	10000	2	age_q_9	0.941031941031941	0.003840631950720248	0.9850463258576576	Age	9	5
CalPred	10000	2	education_q_1	0.961904761904762	0.002516207307816846	1.0801108824732824	Education	1	1
CalPred	10000	2	education_q_1	0.961904761904762	0.005849467570908232	1.0801108824732824	Education	1	2
CalPred	10000	2	education_q_1	0.961904761904762	0.001807337125330943	1.0801108824732824	Education	1	3
CalPred	10000	2	education_q_1	0.961904761904762	0.007608004570420341	1.0801108824732824	Education	1	4
CalPred	10000	2	education_q_1	0.961904761904762	0.0020862787857187292	1.0801108824732824	Education	1	5
CalPred	10000	2	education_q_4	0.9560827055617888	0.0036530267763622837	0.9287445367274404	Education	4	1
CalPred	10000	2	education_q_4	0.9560827055617888	0.004990748162058106	0.9287445367274404	Education	4	2
CalPred	10000	2	education_q_4	0.9560827055617888	0.0040977134960869434	0.9287445367274404	Education	4	3
CalPred	10000	2	education_q_4	0.9560827055617888	0.0028780169350554577	0.9287445367274404	Education	4	4
CalPred	10000	2	education_q_4	0.9560827055617888	0.0033599584591344953	0.9287445367274404	Education	4	5
CalPred	10000	2	income_q_1	0.948051948051948	0.0024022199202114185	1.0443640624491612	Income	1	1
CalPred	10000	2	income_q_1	0.948051948051948	0.0022836575607974746	1.0443640624491612	Income	1	2
CalPred	10000	2	income_q_1	0.948051948051948	0.0006043976809985154	1.0443640624491612	Income	1	3
CalPred	10000	2	income_q_1	0.948051948051948	0.0015615101864904445	1.0443640624491612	Income	1	4
CalPred	10000	2	income_q_1	0.948051948051948	0.0040611358124946345	1.0443640624491612	Income	1	5
CalPred	10000	2	income_q_5	0.9581881533101044	0.002657381922552598	0.9707112723531744	Income	5	1
CalPred	10000	2	income_q_5	0.9581881533101044	0.0015878118920295344	0.9707112723531744	Income	5	2
CalPred	10000	2	income_q_5	0.9581881533101044	0.003372627091222617	0.9707112723531744	Income	5	3
CalPred	10000	2	income_q_5	0.9581881533101044	0.0014871597668177595	0.9707112723531744	Income	5	4
CalPred	10000	2	income_q_5	0.9581881533101044	0.00045967514532528527	0.9707112723531744	Income	5	5
CalPred	10000	2	income_q_9	0.9565217391304348	0.002614039786636475	0.8967225151553486	Income	9	1
CalPred	10000	2	income_q_9	0.9565217391304348	0.009907423772812238	0.8967225151553486	Income	9	2
CalPred	10000	2	income_q_9	0.9565217391304348	0.007145434370938629	0.8967225151553486	Income	9	3
CalPred	10000	2	income_q_9	0.9565217391304348	0.0029235802450995785	0.8967225151553486	Income	9	4
CalPred	10000	2	income_q_9	0.9565217391304348	0.004800270408976598	0.8967225151553486	Income	9	5
CalPred	10000	2	marginal	0.9531	0.003010946774009605	0.9560364303810248	Overall		1
CalPred	10000	2	marginal	0.9531	0.004068236879165405	0.9560364303810248	Overall		2
CalPred	10000	2	marginal	0.9531	0.003997963173332294	0.9560364303810248	Overall		3
CalPred	10000	2	marginal	0.9531	0.002697322707199467	0.9560364303810248	Overall		4
CalPred	10000	2	marginal	0.9531	0.002737656401399731	0.9560364303810248	Overall		5
CalPred	10000	2	sex_q_0	0.9540132360427626	0.0022385614614123415	0.9321560538644932	Sex	0	1
CalPred	10000	2	sex_q_0	0.9540132360427626	0.004123416610952728	0.9321560538644932	Sex	0	2
CalPred	10000	2	sex_q_0	0.9540132360427626	0.003917428444681356	0.9321560538644932	Sex	0	3
CalPred	10000	2	sex_q_0	0.9540132360427626	0.0030222338887402125	0.9321560538644932	Sex	0	4
CalPred	10000	2	sex_q_0	0.9540132360427626	0.002309593195664299	0.9321560538644932	Sex	0	5
CalPred	10000	2	sex_q_1	0.9517896274653032	0.004238135276053543	0.990301601749888	Sex	1	1
CalPred	10000	2	sex_q_1	0.9517896274653032	0.003965007230532255	0.990301601749888	Sex	1	2
CalPred	10000	2	sex_q_1	0.9517896274653032	0.004074409683883512	0.990301601749888	Sex	1	3
CalPred	10000	2	sex_q_1	0.9517896274653032	0.0022269313214284296	0.990301601749888	Sex	1	4
CalPred	10000	2	sex_q_1	0.9517896274653032	0.0033365845011044427	0.990301601749888	Sex	1	5
CalPred	10000	3	age_q_0	0.9265536723163842	4.7842071166459065e-05	0.7872183402001409	Age	0	1
CalPred	10000	3	age_q_0	0.9265536723163842	0.000389064560848488	0.7872183402001409	Age	0	2
CalPred	10000	3	age_q_0	0.9265536723163842	2.806021655406265e-06	0.7872183402001409	Age	0	3
CalPred	10000	3	age_q_0	0.9265536723163842	2.7972312897403096e-05	0.7872183402001409	Age	0	4
CalPred	10000	3	age_q_0	0.9265536723163842	4.400534766348743e-06	0.7872183402001409	Age	0	5
CalPred	10000	3	age_q_4	0.9417004048582996	0.00022048032972423593	0.9550807373327987	Age	4	1
CalPred	10000	3	age_q_4	0.9417004048582996	0.00021307601080579542	0.9550807373327987	Age	4	2
CalPred	10000	3	age_q_4	0.9417004048582996	0.0002455635511911081	0.9550807373327987	Age	4	3
CalPred	10000	3	age_q_4	0.9417004048582996	0.0012040790758074303	0.9550807373327987	Age	4	4
CalPred	10000	3	age_q_4	0.9417004048582996	0.00021223039151268598	0.9550807373327987	Age	4	5
CalPred	10000	3	age_q_4	0.94129763130793	0.00022048032972423593	0.945252271474208	Age	4	1
CalPred	10000	3	age_q_4	0.94129763130793	0.00021307601080579542	0.945252271474208	Age	4	2
CalPred	10000	3	age_q_4	0.94129763130793	0.0002455635511911081	0.945252271474208	Age	4	3
CalPred	10000	3	age_q_4	0.94129763130793	0.0012040790758074303	0.945252271474208	Age	4	4
CalPred	10000	3	age_q_4	0.94129763130793	0.00021223039151268598	0.945252271474208	Age	4	5
CalPred	10000	3	age_q_9	0.9471974004874086	0.0015466367643321573	0.9737251336739764	Age	9	1
CalPred	10000	3	age_q_9	0.9471974004874086	0.0017426086986854065	0.9737251336739764	Age	9	2
CalPred	10000	3	age_q_9	0.9471974004874086	0.0037160286980254605	0.9737251336739764	Age	9	3
CalPred	10000	3	age_q_9	0.9471974004874086	0.0006582710539577945	0.9737251336739764	Age	9	4
CalPred	10000	3	age_q_9	0.9471974004874086	0.0014581466865441215	0.9737251336739764	Age	9	5
CalPred	10000	3	education_q_1	0.9414893617021276	0.001740158175265583	1.0401813348064517	Education	1	1
CalPred	10000	3	education_q_1	0.9414893617021276	2.130893139286532e-05	1.0401813348064517	Education	1	2
CalPred	10000	3	education_q_1	0.9414893617021276	2.333928486994177e-05	1.0401813348064517	Education	1	3
CalPred	10000	3	education_q_1	0.9414893617021276	0.0019711048858879645	1.0401813348064517	Education	1	4
CalPred	10000	3	education_q_1	0.9414893617021276	0.002296388809009073	1.0401813348064517	Education	1	5
CalPred	10000	3	education_q_4	0.9491634491634492	0.0027475067413013374	0.910941096412568	Education	4	1
CalPred	10000	3	education_q_4	0.9491634491634492	0.0018898831716289066	0.910941096412568	Education	4	2
CalPred	10000	3	education_q_4	0.9491634491634492	0.0028306138322126144	0.910941096412568	Education	4	3
CalPred	10000	3	education_q_4	0.9491634491634492	0.002899601970672939	0.910941096412568	Education	4	4
CalPred	10000	3	education_q_4	0.9491634491634492	0.003621673859936252	0.910941096412568	Education	4	5
CalPred	10000	3	income_q_1	0.94206008583691	0.008300585001777739	1.014203576339733	Income	1	1
CalPred	10000	3	income_q_1	0.94206008583691	0.0013542969754840868	1.014203576339733	Income	1	2
CalPred	10000	3	income_q_1	0.94206008583691	0.0013824497869781062	1.014203576339733	Income	1	3
CalPred	10000	3	income_q_1	0.94206008583691	0.0019423184460078972	1.014203576339733	Income	1	4
CalPred	10000	3	income_q_1	0.94206008583691	0.0029702763522032297	1.014203576339733	Income	1	5
CalPred	10000	3	income_q_5	0.9547024952015356	0.004288587730946178	0.9477891172301148	Income	5	1
CalPred	10000	3	income_q_5	0.9547024952015356	0.0013604318658571276	0.9477891172301148	Income	5	2
CalPred	10000	3	income_q_5	0.9547024952015356	0.0031288450368677986	0.9477891172301148	Income	5	3
CalPred	10000	3	income_q_5	0.9547024952015356	0.0037910844993890237	0.9477891172301148	Income	5	4
CalPred	10000	3	income_q_5	0.9547024952015356	0.0030307466249632634	0.9477891172301148	Income	5	5
CalPred	10000	3	income_q_9	0.9465290806754222	0.0002634700224415718	0.8734387623086107	Income	9	1
CalPred	10000	3	income_q_9	0.9465290806754222	5.132430193666283e-05	0.8734387623086107	Income	9	2
CalPred	10000	3	income_q_9	0.9465290806754222	8.499762508517915e-07	0.8734387623086107	Income	9	3
CalPred	10000	3	income_q_9	0.9465290806754222	2.348743216758254e-05	0.8734387623086107	Income	9	4
CalPred	10000	3	income_q_9	0.9465290806754222	8.326409400466725e-06	0.8734387623086107	Income	9	5
CalPred	10000	3	marginal	0.9484	0.0031690523315579078	0.9349726214004936	Overall		1
CalPred	10000	3	marginal	0.9484	0.0016765589878356664	0.9349726214004936	Overall		2
CalPred	10000	3	marginal	0.9484	0.003004919325451694	0.9349726214004936	Overall		3
CalPred	10000	3	marginal	0.9484	0.003268172466080884	0.9349726214004936	Overall		4
CalPred	10000	3	marginal	0.9484	0.0034509597239945075	0.9349726214004936	Overall		5
CalPred	10000	3	sex_q_0	0.9488711819389112	0.0035141991260130437	0.9035793455228172	Sex	0	1
CalPred	10000	3	sex_q_0	0.9488711819389112	0.001729727338404519	0.9035793455228172	Sex	0	2
CalPred	10000	3	sex_q_0	0.9488711819389112	0.003169931451431304	0.9035793455228172	Sex	0	3
CalPred	10000	3	sex_q_0	0.9488711819389112	0.003163739113606205	0.9035793455228172	Sex	0	4
CalPred	10000	3	sex_q_0	0.9488711819389112	0.004004623801987638	0.9035793455228172	Sex	0	5
CalPred	10000	3	sex_q_1	0.9476861167002012	0.0026643465685548657	0.9825362768046992	Sex	1	1
CalPred	10000	3	sex_q_1	0.9476861167002012	0.0015773158871422957	0.9825362768046992	Sex	1	2
CalPred	10000	3	sex_q_1	0.9476861167002012	0.002758975206120799	0.9825362768046992	Sex	1	3
CalPred	10000	3	sex_q_1	0.9476861167002012	0.003430063902012176	0.9825362768046992	Sex	1	4
CalPred	10000	3	sex_q_1	0.9476861167002012	0.0026450051590139047	0.9825362768046992	Sex	1	5
CalPred	10000	4	age_q_0	0.9521988527724664	0.005173751422971124	0.8530194988695746	Age	0	1
CalPred	10000	4	age_q_0	0.9521988527724664	0.010637617997619584	0.8530194988695746	Age	0	2
CalPred	10000	4	age_q_0	0.9521988527724664	0.012812742421965341	0.8530194988695746	Age	0	3
CalPred	10000	4	age_q_0	0.9521988527724664	0.01313289804113463	0.8530194988695746	Age	0	4
CalPred	10000	4	age_q_0	0.9521988527724664	0.006708072257041193	0.8530194988695746	Age	0	5
CalPred	10000	4	age_q_4	0.9555016181229772	0.0040255600172401365	0.9731286615316204	Age	4	1
CalPred	10000	4	age_q_4	0.9555016181229772	0.0005166941411204156	0.9731286615316204	Age	4	2
CalPred	10000	4	age_q_4	0.9555016181229772	0.0015730947088813752	0.9731286615316204	Age	4	3
CalPred	10000	4	age_q_4	0.9555016181229772	0.004045483941507684	0.9731286615316204	Age	4	4
CalPred	10000	4	age_q_4	0.9555016181229772	0.001372310661611996	0.9731286615316204	Age	4	5
CalPred	10000	4	age_q_4	0.9515151515151516	0.0040255600172401365	0.9648988221945096	Age	4	1
CalPred	10000	4	age_q_4	0.9515151515151516	0.0005166941411204156	0.9648988221945096	Age	4	2
CalPred	10000	4	age_q_4	0.9515151515151516	0.0015730947088813752	0.9648988221945096	Age	4	3
CalPred	10000	4	age_q_4	0.9515151515151516	0.004045483941507684	0.9648988221945096	Age	4	4
CalPred	10000	4	age_q_4	0.9515151515151516	0.001372310661611996	0.9648988221945096	Age	4	5
CalPred	10000	4	age_q_9	0.9482619240097008	0.003389209567069169	0.9831542794490756	Age	9	1
CalPred	10000	4	age_q_9	0.9482619240097008	0.0038472271759434577	0.9831542794490756	Age	9	2
CalPred	10000	4	age_q_9	0.9482619240097008	0.003000933605133453	0.9831542794490756	Age	9	3
CalPred	10000	4	age_q_9	0.9482619240097008	0.006656656229985088	0.9831542794490756	Age	9	4
CalPred	10000	4	age_q_9	0.9482619240097008	0.005714622651968647	0.9831542794490756	Age	9	5
CalPred	10000	4	education_q_1	0.9585798816568049	0.005614003937190908	1.0972312109219389	Education	1	1
CalPred	10000	4	education_q_1	0.9585798816568049	0.008464805150666947	1.0972312109219389	Education	1	2
CalPred	10000	4	education_q_1	0.9585798816568049	0.011528657842712696	1.0972312109219389	Education	1	3
CalPred	10000	4	education_q_1	0.9585798816568049	0.02223377415727576	1.0972312109219389	Education	1	4
CalPred	10000	4	education_q_1	0.9585798816568049	0.008896079304487416	1.0972312109219389	Education	1	5
CalPred	10000	4	education_q_4	0.9554088860270444	0.004393142370494617	0.9299742035609602	Education	4	1
CalPred	10000	4	education_q_4	0.9554088860270444	0.0029868762204477302	0.9299742035609602	Education	4	2
CalPred	10000	4	education_q_4	0.9554088860270444	0.0043085308954828845	0.9299742035609602	Education	4	3
CalPred	10000	4	education_q_4	0.9554088860270444	0.004394764461381299	0.9299742035609602	Education	4	4
CalPred	10000	4	education_q_4	0.9554088860270444	0.0026747224158755454	0.9299742035609602	Education	4	5
CalPred	10000	4	income_q_1	0.9624724061810156	0.007182704297677398	1.0589849760385128	Income	1	1
CalPred	10000	4	income_q_1	0.9624724061810156	0.007569350986861062	1.0589849760385128	Income	1	2
CalPred	10000	4	income_q_1	0.9624724061810156	0.011790876649840507	1.0589849760385128	Income	1	3
CalPred	10000	4	income_q_1	0.9624724061810156	0.014673418226270045	1.0589849760385128	Income	1	4
CalPred	10000	4	income_q_1	0.9624724061810156	0.010214804006892574	1.0589849760385128	Income	1	5
CalPred	10000	4	income_q_5	0.9544937428896472	0.0032176883080935435	0.9705716559793328	Income	5	1
CalPred	10000	4	income_q_5	0.9544937428896472	0.004600211238929693	0.9705716559793328	Income	5	2
CalPred	10000	4	income_q_5	0.9544937428896472	0.003646173885253975	0.9705716559793328	Income	5	3
CalPred	10000	4	income_q_5	0.9544937428896472	0.004546659667949244	0.9705716559793328	Income	5	4
CalPred	10000	4	income_q_5	0.9544937428896472	0.0015443180848039536	0.9705716559793328	Income	5	5
CalPred	10000	4	income_q_9	0.9565602836879432	0.004073426322194647	0.9025995662434644	Income	9	1
CalPred	10000	4	income_q_9	0.9565602836879432	0.0003923866512179586	0.9025995662434644	Income	9	2
CalPred	10000	4	income_q_9	0.9565602836879432	0.0019092786951202011	0.9025995662434644	Income	9	3
CalPred	10000	4	income_q_9	0.9565602836879432	0.003164762242224539	0.9025995662434644	Income	9	4
CalPred	10000	4	income_q_9	0.9565602836879432	0.0021323925459054635	0.9025995662434644	Income	9	5
CalPred	10000	4	marginal	0.9542	0.005812659914097354	0.9579232620373256	Overall		1
CalPred	10000	4	marginal	0.9542	0.004482656259495601	0.9579232620373256	Overall		2
CalPred	10000	4	marginal	0.9542	0.005110675820313477	0.9579232620373256	Overall		3
CalPred	10000	4	marginal	0.9542	0.006223442355711247	0.9579232620373256	Overall		4
CalPred	10000	4	marginal	0.9542	0.004446759792336092	0.9579232620373256	Overall		5
CalPred	10000	4	sex_q_0	0.9501755559271025	0.0067225806037072055	0.9226980735915942	Sex	0	1
CalPred	10000	4	sex_q_0	0.9501755559271025	0.005272389288934575	0.9226980735915942	Sex	0	2
CalPred	10000	4	sex_q_0	0.9501755559271025	0.004726846283175476	0.9226980735915942	Sex	0	3
CalPred	10000	4	sex_q_0	0.9501755559271025	0.0067318298766269845	0.9226980735915942	Sex	0	4
CalPred	10000	4	sex_q_0	0.9501755559271025	0.004089091566330895	0.9226980735915942	Sex	0	5
CalPred	10000	4	sex_q_1	0.9601891017666088	0.004579026292278607	1.0103447231206597	Sex	1	1
CalPred	10000	4	sex_q_1	0.9601891017666088	0.0033783577052780875	1.0103447231206597	Sex	1	2
CalPred	10000	4	sex_q_1	0.9601891017666088	0.00558272342360364	1.0103447231206597	Sex	1	3
CalPred	10000	4	sex_q_1	0.9601891017666088	0.005491528227618134	1.0103447231206597	Sex	1	4
CalPred	10000	4	sex_q_1	0.9601891017666088	0.005005711494438804	1.0103447231206597	Sex	1	5
CalPred	10000	5	age_q_0	0.962	0.00027484660634707723	0.8379585997499567	Age	0	1
CalPred	10000	5	age_q_0	0.962	0.0010688026143208696	0.8379585997499567	Age	0	2
CalPred	10000	5	age_q_0	0.962	0.0029739547713281862	0.8379585997499567	Age	0	3
CalPred	10000	5	age_q_0	0.962	0.0010301409157732438	0.8379585997499567	Age	0	4
CalPred	10000	5	age_q_0	0.962	0.0021910842818434213	0.8379585997499567	Age	0	5
CalPred	10000	5	age_q_4	0.9450726978998384	0.0025166900929125477	0.9559379891049222	Age	4	1
CalPred	10000	5	age_q_4	0.9450726978998384	0.0034345161117997737	0.9559379891049222	Age	4	2
CalPred	10000	5	age_q_4	0.9450726978998384	0.00298520811727889	0.9559379891049222	Age	4	3
CalPred	10000	5	age_q_4	0.9450726978998384	0.0038390652677097485	0.9559379891049222	Age	4	4
CalPred	10000	5	age_q_4	0.9450726978998384	0.0020299600689468716	0.9559379891049222	Age	4	5
CalPred	10000	5	age_q_4	0.9414784394250514	0.0025166900929125477	0.9499848692932414	Age	4	1
CalPred	10000	5	age_q_4	0.9414784394250514	0.0034345161117997737	0.9499848692932414	Age	4	2
CalPred	10000	5	age_q_4	0.9414784394250514	0.00298520811727889	0.9499848692932414	Age	4	3
CalPred	10000	5	age_q_4	0.9414784394250514	0.0038390652677097485	0.9499848692932414	Age	4	4
CalPred	10000	5	age_q_4	0.9414784394250514	0.0020299600689468716	0.9499848692932414	Age	4	5
CalPred	10000	5	age_q_9	0.950366151342555	2.0504044211986572e-05	0.9854459009555784	Age	9	1
CalPred	10000	5	age_q_9	0.950366151342555	0.00026360590792348865	0.9854459009555784	Age	9	2
CalPred	10000	5	age_q_9	0.950366151342555	6.59674577540072e-05	0.9854459009555784	Age	9	3
CalPred	10000	5	age_q_9	0.950366151342555	0.00048098828062098317	0.9854459009555784	Age	9	4
CalPred	10000	5	age_q_9	0.950366151342555	0.0006200791106145782	0.9854459009555784	Age	9	5
CalPred	10000	5	education_q_1	0.9444444444444444	0.000214992043735127	1.0862038693158351	Education	1	1
CalPred	10000	5	education_q_1	0.9444444444444444	0.0007947469281090273	1.0862038693158351	Education	1	2
CalPred	10000	5	education_q_1	0.9444444444444444	0.003526457489905001	1.0862038693158351	Education	1	3
CalPred	10000	5	education_q_1	0.9444444444444444	0.00470481985632706	1.0862038693158351	Education	1	4
CalPred	10000	5	education_q_1	0.9444444444444444	0.001457214994164446	1.0862038693158351	Education	1	5
CalPred	10000	5	education_q_4	0.9568138195777351	0.0017119363531441518	0.916382626238608	Education	4	1
CalPred	10000	5	education_q_4	0.9568138195777351	0.0033985929932829626	0.916382626238608	Education	4	2
CalPred	10000	5	education_q_4	0.9568138195777351	0.0018903657129767154	0.916382626238608	Education	4	3
CalPred	10000	5	education_q_4	0.9568138195777351	0.001791866177798798	0.916382626238608	Education	4	4
CalPred	10000	5	education_q_4	0.9568138195777351	0.002834110514323392	0.916382626238608	Education	4	5
CalPred	10000	5	income_q_1	0.9406593406593406	0.008281879689486748	1.0404847702419802	Income	1	1
CalPred	10000	5	income_q_1	0.9406593406593406	0.0060030584705450495	1.0404847702419802	Income	1	2
CalPred	10000	5	income_q_1	0.9406593406593406	0.009263871831894767	1.0404847702419802	Income	1	3
CalPred	10000	5	income_q_1	0.9406593406593406	0.01849725578016264	1.0404847702419802	Income	1	4
CalPred	10000	5	income_q_1	0.9406593406593406	0.0053810904198889585	1.0404847702419802	Income	1	5
CalPred	10000	5	income_q_5	0.9518446601941748	0.0032050048780312116	0.9610886440382927	Income	5	1
CalPred	10000	5	income_q_5	0.9518446601941748	0.0053313676273698055	0.9610886440382927	Income	5	2
CalPred	10000	5	income_q_5	0.9518446601941748	0.002526107971178154	0.9610886440382927	Income	5	3
CalPred	10000	5	income_q_5	0.9518446601941748	0.0037176661705736144	0.9610886440382927	Income	5	4
CalPred	10000	5	income_q_5	0.9518446601941748	0.003893937326222729	0.9610886440382927	Income	5	5
CalPred	10000	5	income_q_9	0.954136690647482	0.0013587363655833088	0.881294806037795	Income	9	1
CalPred	10000	5	income_q_9	0.954136690647482	0.002404384920445439	0.881294806037795	Income	9	2
CalPred	10000	5	income_q_9	0.954136690647482	0.0016285148518365863	0.881294806037795	Income	9	3
CalPred	10000	5	income_q_9	0.954136690647482	0.0015542786118362963	0.881294806037795	Income	9	4
CalPred	10000	5	income_q_9	0.954136690647482	0.0028631997349854296	0.881294806037795	Income	9	5
CalPred	10000	5	marginal	0.9527	0.002976980822486565	0.9466015716590984	Overall		1
CalPred	10000	5	marginal	0.9527	0.0049932230112585164	0.9466015716590984	Overall		2
CalPred	10000	5	marginal	0.9527	0.003171676563381795	0.9466015716590984	Overall		3
CalPred	10000	5	marginal	0.9527	0.0035918413267003045	0.9466015716590984	Overall		4
CalPred	10000	5	marginal	0.9527	0.003570740055744996	0.9466015716590984	Overall		5
CalPred	10000	5	sex_q_0	0.95292922451744	0.004521444687071183	0.9207698236501924	Sex	0	1
CalPred	10000	5	sex_q_0	0.95292922451744	0.005343091379193898	0.9207698236501924	Sex	0	2
CalPred	10000	5	sex_q_0	0.95292922451744	0.0033801840957627203	0.9207698236501924	Sex	0	3
CalPred	10000	5	sex_q_0	0.95292922451744	0.004899873287173974	0.9207698236501924	Sex	0	4
CalPred	10000	5	sex_q_0	0.95292922451744	0.00476964450157384	0.9207698236501924	Sex	0	5
CalPred	10000	5	sex_q_1	0.9523693209574988	0.0013277867585212244	0.9838664235742424	Sex	1	1
CalPred	10000	5	sex_q_1	0.9523693209574988	0.0044709171574397015	0.9838664235742424	Sex	1	2
CalPred	10000	5	sex_q_1	0.9523693209574988	0.002836055253369163	0.9838664235742424	Sex	1	3
CalPred	10000	5	sex_q_1	0.9523693209574988	0.002064146842635785	0.9838664235742424	Sex	1	4
CalPred	10000	5	sex_q_1	0.9523693209574988	0.002163153494495992	0.9838664235742424	Sex	1	5
CalPred	10000	6	age_q_0	0.9608610567514676	0.00011917293041743074	0.8467230460517335	Age	0	1
CalPred	10000	6	age_q_0	0.9608610567514676	0.014650609006743536	0.8467230460517335	Age	0	2
CalPred	10000	6	age_q_0	0.9608610567514676	0.013165094935819953	0.8467230460517335	Age	0	3
CalPred	10000	6	age_q_0	0.9608610567514676	0.010773383893441776	0.8467230460517335	Age	0	4
CalPred	10000	6	age_q_0	0.9608610567514676	0.016982036765401477	0.8467230460517335	Age	0	5
CalPred	10000	6	age_q_4	0.9462978030919448	0.0020602242834746	0.9569165651966044	Age	4	1
CalPred	10000	6	age_q_4	0.9462978030919448	0.0026756306597941243	0.9569165651966044	Age	4	2
CalPred	10000	6	age_q_4	0.9462978030919448	0.00173609796290176	0.9569165651966044	Age	4	3
CalPred	10000	6	age_q_4	0.9462978030919448	0.005529436107080692	0.9569165651966044	Age	4	4
CalPred	10000	6	age_q_4	0.9462978030919448	0.004134404386622112	0.9569165651966044	Age	4	5
CalPred	10000	6	age_q_4	0.95	0.0020602242834746	0.9439474117988867	Age	4	1
CalPred	10000	6	age_q_4	0.95	0.0026756306597941243	0.9439474117988867	Age	4	2
CalPred	10000	6	age_q_4	0.95	0.00173609796290176	0.9439474117988867	Age	4	3
CalPred	10000	6	age_q_4	0.95	0.005529436107080692	0.9439474117988867	Age	4	4
CalPred	10000	6	age_q_4	0.95	0.004134404386622112	0.9439474117988867	Age	4	5
CalPred	10000	6	age_q_9	0.94296875	0.003118178865936031	0.9690199257996072	Age	9	1
CalPred	10000	6	age_q_9	0.94296875	0.004454012022581985	0.9690199257996072	Age	9	2
CalPred	10000	6	age_q_9	0.94296875	0.00039217717155307113	0.9690199257996072	Age	9	3
CalPred	10000	6	age_q_9	0.94296875	0.0024324017479392113	0.9690199257996072	Age	9	4
CalPred	10000	6	age_q_9	0.94296875	0.006913247977905919	0.9690199257996072	Age	9	5
CalPred	10000	6	education_q_1	0.9456521739130436	0.007429350065207726	1.0578380138983814	Education	1	1
CalPred	10000	6	education_q_1	0.9456521739130436	0.01665681346776559	1.0578380138983814	Education	1	2
CalPred	10000	6	education_q_1	0.9456521739130436	0.023556700067753657	1.0578380138983814	Education	1	3
CalPred	10000	6	education_q_1	0.9456521739130436	0.027196940927609787	1.0578380138983814	Education	1	4
CalPred	10000	6	education_q_1	0.9456521739130436	0.019863343272109688	1.0578380138983814	Education	1	5
CalPred	10000	6	education_q_4	0.9518983268983268	0.0022949559724135243	0.913457541776029	Education	4	1
CalPred	10000	6	education_q_4	0.9518983268983268	0.0035911089968278602	0.913457541776029	Education	4	2
CalPred	10000	6	education_q_4	0.9518983268983268	0.0025048314253616998	0.913457541776029	Education	4	3
CalPred	10000	6	education_q_4	0.9518983268983268	0.0040797879187409285	0.913457541776029	Education	4	4
CalPred	10000	6	education_q_4	0.9518983268983268	0.0050601126845664	0.913457541776029	Education	4	5
CalPred	10000	6	income_q_1	0.9581497797356828	0.006316908732268688	1.0376530890798146	Income	1	1
CalPred	10000	6	income_q_1	0.9581497797356828	0.023308801147643252	1.0376530890798146	Income	1	2
CalPred	10000	6	income_q_1	0.9581497797356828	0.01322967495053864	1.0376530890798146	Income	1	3
CalPred	10000	6	income_q_1	0.9581497797356828	0.014470608884110522	1.0376530890798146	Income	1	4
CalPred	10000	6	income_q_1	0.9581497797356828	0.009616842663842499	1.0376530890798146	Income	1	5
CalPred	10000	6	income_q_5	0.95	0.0016047006298438103	0.9585924487980008	Income	5	1
CalPred	10000	6	income_q_5	0.95	0.0030298599638550632	0.9585924487980008	Income	5	2
CalPred	10000	6	income_q_5	0.95	0.0014146089378095621	0.9585924487980008	Income	5	3
CalPred	10000	6	income_q_5	0.95	0.0030215545957083543	0.9585924487980008	Income	5	4
CalPred	10000	6	income_q_5	0.95	0.004211599592400491	0.9585924487980008	Income	5	5
CalPred	10000	6	income_q_9	0.9460916442048516	0.0035387307034101096	0.8680883931448354	Income	9	1
CalPred	10000	6	income_q_9	0.9460916442048516	0.0001062758222039284	0.8680883931448354	Income	9	2
CalPred	10000	6	income_q_9	0.9460916442048516	0.00306700740942999	0.8680883931448354	Income	9	3
CalPred	10000	6	income_q_9	0.9460916442048516	0.0024845728208909112	0.8680883931448354	Income	9	4
CalPred	10000	6	income_q_9	0.9460916442048516	0.005236809560414472	0.8680883931448354	Income	9	5
CalPred	10000	6	marginal	0.9508	0.002199401608817298	0.940771576688436	Overall		1
CalPred	10000	6	marginal	0.9508	0.004480364981967577	0.940771576688436	Overall		2
CalPred	10000	6	marginal	0.9508	0.00267926970681076	0.940771576688436	Overall		3
CalPred	10000	6	marginal	0.9508	0.004323254178827814	0.940771576688436	Overall		4
CalPred	10000	6	marginal	0.9508	0.005295096267854087	0.940771576688436	Overall		5
CalPred	10000	6	sex_q_0	0.9506131362338316	0.0026471138088049097	0.912203635308372	Sex	0	1
CalPred	10000	6	sex_q_0	0.9506131362338316	0.004980471053333478	0.912203635308372	Sex	0	2
CalPred	10000	6	sex_q_0	0.9506131362338316	0.003130415096625757	0.912203635308372	Sex	0	3
CalPred	10000	6	sex_q_0	0.9506131362338316	0.005022027071724639	0.912203635308372	Sex	0	4
CalPred	10000	6	sex_q_0	0.9506131362338316	0.004979699086973434	0.912203635308372	Sex	0	5
CalPred	10000	6	sex_q_1	0.9510748702742772	0.0016755677488534504	0.9827940513698104	Sex	1	1
CalPred	10000	6	sex_q_1	0.9510748702742772	0.0037716498985669337	0.9827940513698104	Sex	1	2
CalPred	10000	6	sex_q_1	0.9510748702742772	0.00209997107054714	0.9827940513698104	Sex	1	3
CalPred	10000	6	sex_q_1	0.9510748702742772	0.0034112312469139856	0.9827940513698104	Sex	1	4
CalPred	10000	6	sex_q_1	0.9510748702742772	0.005741270789351992	0.9827940513698104	Sex	1	5
CalPred	10000	7	age_q_0	0.9282945736434108	0.0006234500577387022	0.8309127258314353	Age	0	1
CalPred	10000	7	age_q_0	0.9282945736434108	0.0009500495313304476	0.8309127258314353	Age	0	2
CalPred	10000	7	age_q_0	0.9282945736434108	0.0013341429615471541	0.8309127258314353	Age	0	3
CalPred	10000	7	age_q_0	0.9282945736434108	4.837135486242187e-05	0.8309127258314353	Age	0	4
CalPred	10000	7	age_q_0	0.9282945736434108	0.0014777933236926248	0.8309127258314353	Age	0	5
CalPred	10000	7	age_q_4	0.9516539440203562	0.0010191893024226071	0.9705560440394804	Age	4	1
CalPred	10000	7	age_q_4	0.9516539440203562	0.001529951245334463	0.9705560440394804	Age	4	2
CalPred	10000	7	age_q_4	0.9516539440203562	0.0011750952468776534	0.9705560440394804	Age	4	3
CalPred	10000	7	age_q_4	0.9516539440203562	0.0027827242057622825	0.9705560440394804	Age	4	4
CalPred	10000	7	age_q_4	0.9516539440203562	0.0015411127701475088	0.9705560440394804	Age	4	5
CalPred	10000	7	age_q_4	0.9543039319872476	0.0010191893024226071	0.9598330662468052	Age	4	1
CalPred	10000	7	age_q_4	0.9543039319872476	0.001529951245334463	0.9598330662468052	Age	4	2
CalPred	10000	7	age_q_4	0.9543039319872476	0.0011750952468776534	0.9598330662468052	Age	4	3
CalPred	10000	7	age_q_4	0.9543039319872476	0.0027827242057622825	0.9598330662468052	Age	4	4
CalPred	10000	7	age_q_4	0.9543039319872476	0.0015411127701475088	0.9598330662468052	Age	4	5
CalPred	10000	7	age_q_9	0.9454113924050632	0.0011197666662495275	0.970141221695387	Age	9	1
CalPred	10000	7	age_q_9	0.9454113924050632	0.0038803848254689534	0.970141221695387	Age	9	2
CalPred	10000	7	age_q_9	0.9454113924050632	0.0018178525826240725	0.970141221695387	Age	9	3
CalPred	10000	7	age_q_9	0.9454113924050632	0.0011262247344233215	0.970141221695387	Age	9	4
CalPred	10000	7	age_q_9	0.9454113924050632	0.0012760346790371246	0.970141221695387	Age	9	5
CalPred	10000	7	education_q_1	0.9438775510204082	0.02140126349098877	1.0712395491574205	Education	1	1
CalPred	10000	7	education_q_1	0.9438775510204082	0.015973717594416497	1.0712395491574205	Education	1	2
CalPred	10000	7	education_q_1	0.9438775510204082	0.015516166677909343	1.0712395491574205	Education	1	3
CalPred	10000	7	education_q_1	0.9438775510204082	0.01725035204994951	1.0712395491574205	Education	1	4
CalPred	10000	7	education_q_1	0.9438775510204082	0.01331452896324881	1.0712395491574205	Education	1	5
CalPred	10000	7	education_q_4	0.95248	0.0017182577953902133	0.9224542398526354	Education	4	1
CalPred	10000	7	education_q_4	0.95248	0.002229292353932744	0.9224542398526354	Education	4	2
CalPred	10000	7	education_q_4	0.95248	0.002431963483657835	0.9224542398526354	Education	4	3
CalPred	10000	7	education_q_4	0.95248	0.001637256250944171	0.9224542398526354	Education	4	4
CalPred	10000	7	education_q_4	0.95248	0.0020992320711381205	0.9224542398526354	Education	4	5
CalPred	10000	7	income_q_1	0.9668141592920354	0.004735828916291887	1.0469893261590044	Income	1	1
CalPred	10000	7	income_q_1	0.9668141592920354	0.004961502674393309	1.0469893261590044	Income	1	2
CalPred	10000	7	income_q_1	0.9668141592920354	0.007291999906952267	1.0469893261590044	Income	1	3
CalPred	10000	7	income_q_1	0.9668141592920354	0.00458016813958514	1.0469893261590044	Income	1	4
CalPred	10000	7	income_q_1	0.9668141592920354	0.004831203694847168	1.0469893261590044	Income	1	5
CalPred	10000	7	income_q_5	0.9468786351298952	0.0016358845523265426	0.9619022588569944	Income	5	1
CalPred	10000	7	income_q_5	0.9468786351298952	0.002483730603467317	0.9619022588569944	Income	5	2
CalPred	10000	7	income_q_5	0.9468786351298952	0.0017233122843030193	0.9619022588569944	Income	5	3
CalPred	10000	7	income_q_5	0.9468786351298952	0.0016841559656328936	0.9619022588569944	Income	5	4
CalPred	10000	7	income_q_5	0.9468786351298952	0.0019896516936448896	0.9619022588569944	Income	5	5
CalPred	10000	7	income_q_9	0.943119266055046	6.456083713436308e-05	0.8819595742151319	Income	9	1
CalPred	10000	7	income_q_9	0.943119266055046	0.0016080664061375192	0.8819595742151319	Income	9	2
CalPred	10000	7	income_q_9	0.943119266055046	0.0002550735131095213	0.8819595742151319	Income	9	3
CalPred	10000	7	income_q_9	0.943119266055046	0.000741929331429237	0.8819595742151319	Income	9	4
CalPred	10000	7	income_q_9	0.943119266055046	0.00047247072701630524	0.8819595742151319	Income	9	5
CalPred	10000	7	marginal	0.9505	0.0027801422479073455	0.9500184171130244	Overall		1
CalPred	10000	7	marginal	0.9505	0.0031249905970828634	0.9500184171130244	Overall		2
CalPred	10000	7	marginal	0.9505	0.0033309364838906576	0.9500184171130244	Overall		3
CalPred	10000	7	marginal	0.9505	0.0029575687437720815	0.9500184171130244	Overall		4
CalPred	10000	7	marginal	0.9505	0.00360651400781277	0.9500184171130244	Overall		5
CalPred	10000	7	sex_q_0	0.9535744322960472	0.002848339160454997	0.9268418591876728	Sex	0	1
CalPred	10000	7	sex_q_0	0.9535744322960472	0.003239200561664997	0.9268418591876728	Sex	0	2
CalPred	10000	7	sex_q_0	0.9535744322960472	0.004386710160919586	0.9268418591876728	Sex	0	3
CalPred	10000	7	sex_q_0	0.9535744322960472	0.004783587870248611	0.9268418591876728	Sex	0	4
CalPred	10000	7	sex_q_0	0.9535744322960472	0.004460877078123903	0.9268418591876728	Sex	0	5
CalPred	10000	7	sex_q_1	0.945992601726264	0.0025953299552252643	0.9839973657853336	Sex	1	1
CalPred	10000	7	sex_q_1	0.945992601726264	0.0028780512755311794	0.9839973657853336	Sex	1	2
CalPred	10000	7	sex_q_1	0.945992601726264	0.0020231069619040427	0.9839973657853336	Sex	1	3
CalPred	10000	7	sex_q_1	0.945992601726264	0.0010931147489091231	0.9839973657853336	Sex	1	4
CalPred	10000	7	sex_q_1	0.945992601726264	0.002467537695329832	0.9839973657853336	Sex	1	5
CalPred	10000	8	age_q_0	0.9331941544885176	0.02357057463169287	0.8358033673388744	Age	0	1
CalPred	10000	8	age_q_0	0.9331941544885176	0.021964672559063637	0.8358033673388744	Age	0	2
CalPred	10000	8	age_q_0	0.9331941544885176	0.020596766547277098	0.8358033673388744	Age	0	3
CalPred	10000	8	age_q_0	0.9331941544885176	0.01577105166376991	0.8358033673388744	Age	0	4
CalPred	10000	8	age_q_0	0.9331941544885176	0.007460382025103893	0.8358033673388744	Age	0	5
CalPred	10000	8	age_q_4	0.9502407704654896	0.0001610241153349793	0.978365987342327	Age	4	1
CalPred	10000	8	age_q_4	0.9502407704654896	0.0015729119132124533	0.978365987342327	Age	4	2
CalPred	10000	8	age_q_4	0.9502407704654896	0.0033038449427364586	0.978365987342327	Age	4	3
CalPred	10000	8	age_q_4	0.9502407704654896	0.005403379153481351	0.978365987342327	Age	4	4
CalPred	10000	8	age_q_4	0.9502407704654896	0.001720177685418973	0.978365987342327	Age	4	5
CalPred	10000	8	age_q_4	0.953241232731137	0.0001610241153349793	0.9672972319499924	Age	4	1
CalPred	10000	8	age_q_4	0.953241232731137	0.0015729119132124533	0.9672972319499924	Age	4	2
CalPred	10000	8	age_q_4	0.953241232731137	0.0033038449427364586	0.9672972319499924	Age	4	3
CalPred	10000	8	age_q_4	0.953241232731137	0.005403379153481351	0.9672972319499924	Age	4	4
CalPred	10000	8	age_q_4	0.953241232731137	0.001720177685418973	0.9672972319499924	Age	4	5
CalPred	10000	8	age_q_9	0.9473251028806584	2.0668605614775935e-05	0.9804569882949118	Age	9	1
CalPred	10000	8	age_q_9	0.9473251028806584	0.00010205249873861663	0.9804569882949118	Age	9	2
CalPred	10000	8	age_q_9	0.9473251028806584	0.00013285693042383806	0.9804569882949118	Age	9	3
CalPred	10000	8	age_q_9	0.9473251028806584	0.0007554920929858233	0.9804569882949118	Age	9	4
CalPred	10000	8	age_q_9	0.9473251028806584	4.2972266611171306e-05	0.9804569882949118	Age	9	5
CalPred	10000	8	education_q_1	0.962566844919786	0.010548014260044494	1.0681448762275256	Education	1	1
CalPred	10000	8	education_q_1	0.962566844919786	0.018280571569963332	1.0681448762275256	Education	1	2
CalPred	10000	8	education_q_1	0.962566844919786	0.014358558664848128	1.0681448762275256	Education	1	3
CalPred	10000	8	education_q_1	0.962566844919786	0.025007486187913947	1.0681448762275256	Education	1	4
CalPred	10000	8	education_q_1	0.962566844919786	0.014589051410885692	1.0681448762275256	Education	1	5
CalPred	10000	8	education_q_4	0.952516619183286	0.0014084330969526154	0.933640875544348	Education	4	1
CalPred	10000	8	education_q_4	0.952516619183286	0.0024177735976848758	0.933640875544348	Education	4	2
CalPred	10000	8	education_q_4	0.952516619183286	0.0032239137397856244	0.933640875544348	Education	4	3
CalPred	10000	8	education_q_4	0.952516619183286	0.0035736521563932227	0.933640875544348	Education	4	4
CalPred	10000	8	education_q_4	0.952516619183286	0.002171887871501628	0.933640875544348	Education	4	5
CalPred	10000	8	income_q_1	0.9494252873563218	0.0030500629614073054	1.0631537371694135	Income	1	1
CalPred	10000	8	income_q_1	0.9494252873563218	0.0053560016874641654	1.0631537371694135	Income	1	2
CalPred	10000	8	income_q_1	0.9494252873563218	0.006921764924054796	1.0631537371694135	Income	1	3
CalPred	10000	8	income_q_1	0.9494252873563218	0.012496842029251574	1.0631537371694135	Income	1	4
CalPred	10000	8	income_q_1	0.9494252873563218	0.0028845485755975555	1.0631537371694135	Income	1	5
CalPred	10000	8	income_q_5	0.9510545165141264	0.0014303344318873988	0.9759577737198996	Income	5	1
CalPred	10000	8	income_q_5	0.9510545165141264	0.00045137621259423206	0.9759577737198996	Income	5	2
CalPred	10000	8	income_q_5	0.9510545165141264	0.0016003112265920761	0.9759577737198996	Income	5	3
CalPred	10000	8	income_q_5	0.9510545165141264	0.0007876493312802057	0.9759577737198996	Income	5	4
CalPred	10000	8	income_q_5	0.9510545165141264	0.00017962231531179563	0.9759577737198996	Income	5	5
CalPred	10000	8	income_q_9	0.9432234432234432	0.0022927011769295425	0.8842649743485503	Income	9	1
CalPred	10000	8	income_q_9	0.9432234432234432	0.00721982434944763	0.8842649743485503	Income	9	2
CalPred	10000	8	income_q_9	0.9432234432234432	0.00359894843867072	0.8842649743485503	Income	9	3
CalPred	10000	8	income_q_9	0.9432234432234432	0.006162174128471287	0.8842649743485503	Income	9	4
CalPred	10000	8	income_q_9	0.9432234432234432	0.0038255545909171153	0.8842649743485503	Income	9	5
CalPred	10000	8	marginal	0.9507	0.002382056044193446	0.958210501814838	Overall		1
CalPred	10000	8	marginal	0.9507	0.0029678042215667763	0.958210501814838	Overall		2
CalPred	10000	8	marginal	0.9507	0.0038785378065425134	0.958210501814838	Overall		3
CalPred	10000	8	marginal	0.9507	0.0043379942277952345	0.958210501814838	Overall		4
CalPred	10000	8	marginal	0.9507	0.0024626202776256395	0.958210501814838	Overall		5
CalPred	10000	8	sex_q_0	0.953206530887056	0.002514691594294551	0.9365378263212414	Sex	0	1
CalPred	10000	8	sex_q_0	0.953206530887056	0.0031004602563842105	0.9365378263212414	Sex	0	2
CalPred	10000	8	sex_q_0	0.953206530887056	0.0037022928991568642	0.9365378263212414	Sex	0	3
CalPred	10000	8	sex_q_0	0.953206530887056	0.0038969942439094954	0.9365378263212414	Sex	0	4
CalPred	10000	8	sex_q_0	0.953206530887056	0.0029782841542772775	0.9365378263212414	Sex	0	5
CalPred	10000	8	sex_q_1	0.9470312884947032	0.0020969086413496346	0.9899319517058104	Sex	1	1
CalPred	10000	8	sex_q_1	0.9470312884947032	0.002741904507916316	0.9899319517058104	Sex	1	2
CalPred	10000	8	sex_q_1	0.9470312884947032	0.004085720370113598	0.9899319517058104	Sex	1	3
CalPred	10000	8	sex_q_1	0.9470312884947032	0.004844823165914954	0.9899319517058104	Sex	1	4
CalPred	10000	8	sex_q_1	0.9470312884947032	0.0018133133078582532	0.9899319517058104	Sex	1	5
CalPred	10000	9	age_q_0	0.950884086444008	0.0003174664486741452	0.8200026525319084	Age	0	1
CalPred	10000	9	age_q_0	0.950884086444008	0.0003366896440571069	0.8200026525319084	Age	0	2
CalPred	10000	9	age_q_0	0.950884086444008	0.0016303949417456566	0.8200026525319084	Age	0	3
CalPred	10000	9	age_q_0	0.950884086444008	3.7817735979208364e-05	0.8200026525319084	Age	0	4
CalPred	10000	9	age_q_0	0.950884086444008	0.0013629162387792046	0.8200026525319084	Age	0	5
CalPred	10000	9	age_q_4	0.9352159468438538	0.014702223355092423	0.9608153975521307	Age	4	1
CalPred	10000	9	age_q_4	0.9352159468438538	0.005252937476269535	0.9608153975521307	Age	4	2
CalPred	10000	9	age_q_4	0.9352159468438538	0.0098736498372543	0.9608153975521307	Age	4	3
CalPred	10000	9	age_q_4	0.9352159468438538	0.00697097327575992	0.9608153975521307	Age	4	4
CalPred	10000	9	age_q_4	0.9352159468438538	0.01208253655278593	0.9608153975521307	Age	4	5
CalPred	10000	9	age_q_4	0.9322709163346612	0.014702223355092423	0.9457487281191064	Age	4	1
CalPred	10000	9	age_q_4	0.9322709163346612	0.005252937476269535	0.9457487281191064	Age	4	2
CalPred	10000	9	age_q_4	0.9322709163346612	0.0098736498372543	0.9457487281191064	Age	4	3
CalPred	10000	9	age_q_4	0.9322709163346612	0.00697097327575992	0.9457487281191064	Age	4	4
CalPred	10000	9	age_q_4	0.9322709163346612	0.01208253655278593	0.9457487281191064	Age	4	5
CalPred	10000	9	age_q_9	0.950597609561753	0.0018364263565991276	1.0026851835913004	Age	9	1
CalPred	10000	9	age_q_9	0.950597609561753	0.0035899481427515193	1.0026851835913004	Age	9	2
CalPred	10000	9	age_q_9	0.950597609561753	0.00048591693745936835	1.0026851835913004	Age	9	3
CalPred	10000	9	age_q_9	0.950597609561753	0.0001755041552611829	1.0026851835913004	Age	9	4
CalPred	10000	9	age_q_9	0.950597609561753	0.0027790118966033667	1.0026851835913004	Age	9	5
CalPred	10000	9	education_q_1	0.9646464646464646	0.0011838788040398065	1.1009136508965844	Education	1	1
CalPred	10000	9	education_q_1	0.9646464646464646	0.003935175260669947	1.1009136508965844	Education	1	2
CalPred	10000	9	education_q_1	0.9646464646464646	0.00012522489145135529	1.1009136508965844	Education	1	3
CalPred	10000	9	education_q_1	0.9646464646464646	0.004484564498507876	1.1009136508965844	Education	1	4
CalPred	10000	9	education_q_1	0.9646464646464646	0.0008892736981111596	1.1009136508965844	Education	1	5
CalPred	10000	9	education_q_4	0.9484057042140682	0.0037818373319232707	0.9165572885324892	Education	4	1
CalPred	10000	9	education_q_4	0.9484057042140682	0.003578104578002143	0.9165572885324892	Education	4	2
CalPred	10000	9	education_q_4	0.9484057042140682	0.0016225978422932264	0.9165572885324892	Education	4	3
CalPred	10000	9	education_q_4	0.9484057042140682	0.002533198002004058	0.9165572885324892	Education	4	4
CalPred	10000	9	education_q_4	0.9484057042140682	0.0033577756506701015	0.9165572885324892	Education	4	5
CalPred	10000	9	income_q_1	0.9425531914893616	0.00297310014714089	1.0198983665755232	Income	1	1
CalPred	10000	9	income_q_1	0.9425531914893616	0.004112799156288708	1.0198983665755232	Income	1	2
CalPred	10000	9	income_q_1	0.9425531914893616	3.8376763205188196e-05	1.0198983665755232	Income	1	3
CalPred	10000	9	income_q_1	0.9425531914893616	0.0010914465996825994	1.0198983665755232	Income	1	4
CalPred	10000	9	income_q_1	0.9425531914893616	0.0033944850629150564	1.0198983665755232	Income	1	5
CalPred	10000	9	income_q_5	0.9487785657998424	0.0007106591447808682	0.9634569214194854	Income	5	1
CalPred	10000	9	income_q_5	0.9487785657998424	8.3517270263685e-06	0.9634569214194854	Income	5	2
CalPred	10000	9	income_q_5	0.9487785657998424	0.0001956936159283295	0.9634569214194854	Income	5	3
CalPred	10000	9	income_q_5	0.9487785657998424	0.00012593781920413146	0.9634569214194854	Income	5	4
CalPred	10000	9	income_q_5	0.9487785657998424	0.0007839488273492051	0.9634569214194854	Income	5	5
CalPred	10000	9	income_q_9	0.9552656104380244	0.016312489410964717	0.8962097357139112	Income	9	1
CalPred	10000	9	income_q_9	0.9552656104380244	0.010735694015264752	0.8962097357139112	Income	9	2
CalPred	10000	9	income_q_9	0.9552656104380244	0.005093172938618789	0.8962097357139112	Income	9	3
CalPred	10000	9	income_q_9	0.9552656104380244	0.0052963387622264975	0.8962097357139112	Income	9	4
CalPred	10000	9	income_q_9	0.9552656104380244	0.008467060325666024	0.8962097357139112	Income	9	5
CalPred	10000	9	marginal	0.9494	0.003984693524865739	0.9480848826899864	Overall		1
CalPred	10000	9	marginal	0.9494	0.0032854383803995143	0.9480848826899864	Overall		2
CalPred	10000	9	marginal	0.9494	0.0018940544737503433	0.9480848826899864	Overall		3
CalPred	10000	9	marginal	0.9494	0.00229083928218739	0.9480848826899864	Overall		4
CalPred	10000	9	marginal	0.9494	0.003705894806377386	0.9480848826899864	Overall		5
CalPred	10000	9	sex_q_0	0.952073419442556	0.003259327923490906	0.9179736032821654	Sex	0	1
CalPred	10000	9	sex_q_0	0.952073419442556	0.0019467251134508664	0.9179736032821654	Sex	0	2
CalPred	10000	9	sex_q_0	0.952073419442556	0.0012621451883396385	0.9179736032821654	Sex	0	3
CalPred	10000	9	sex_q_0	0.952073419442556	0.001577025890534076	0.9179736032821654	Sex	0	4
CalPred	10000	9	sex_q_0	0.952073419442556	0.0028076721573783523	0.9179736032821654	Sex	0	5
CalPred	10000	9	sex_q_1	0.9455782312925172	0.005061923409094999	0.9911302587919348	Sex	1	1
CalPred	10000	9	sex_q_1	0.9455782312925172	0.005650298457593399	0.9911302587919348	Sex	1	2
CalPred	10000	9	sex_q_1	0.9455782312925172	0.0029977854114719843	0.9911302587919348	Sex	1	3
CalPred	10000	9	sex_q_1	0.9455782312925172	0.0034724855422897964	0.9911302587919348	Sex	1	4
CalPred	10000	9	sex_q_1	0.9455782312925172	0.005160037663028275	0.9911302587919348	Sex	1	5
